{"stats":{"minecraft:dropped":{"hexerei:sage_seed":3,"minecraft:wheat_seeds":1,"simple_mobs:lycanthrope_elixir":1},"minecraft:picked_up":{"hexerei:animal_fat":3,"minecraft:feather":4,"minecraft:leather_chestplate":1,"minecraft:chicken":2,"minecraft:leather_leggings":1,"minecraft:porkchop":14,"minecraft:spider_eye":1,"minecraft:string":2,"hexerei:sage_seed":3,"minecraft:leather_boots":1,"minecraft:bone":2,"minecraft:stone_axe":1,"minecraft:wheat_seeds":7,"supplementaries:antique_ink":1,"minecraft:chainmail_helmet":1,"minecraft:iron_sword":1,"simple_mobs:lycanthrope_elixir":2},"minecraft:custom":{"minecraft:time_since_rest":18634,"champions:champion_mobs_killed":1,"minecraft:interact_with_furnace":9,"minecraft:sprint_one_cm":103808,"minecraft:damage_taken":920,"minecraft:damage_absorbed":165,"minecraft:walk_one_cm":197017,"minecraft:mob_kills":10,"minecraft:drop":3,"minecraft:damage_dealt":2966,"minecraft:swim_one_cm":7300,"minecraft:fly_one_cm":56526,"minecraft:open_barrel":11,"minecraft:open_chest":7,"minecraft:crouch_one_cm":932,"minecraft:play_time":19375,"minecraft:deaths":1,"minecraft:sneak_time":215,"minecraft:walk_under_water_one_cm":605,"minecraft:jump":242,"minecraft:damage_dealt_resisted":415,"minecraft:eat_cake_slice":2,"minecraft:walk_on_water_one_cm":6119,"minecraft:time_since_death":18559,"minecraft:total_world_time":19375,"minecraft:climb_one_cm":6713,"minecraft:fall_one_cm":5438},"minecraft:crafted":{"minecraft:cooked_porkchop":14,"minecraft:air":0},"minecraft:killed":{"humancompanions:axeguard":1,"minecraft:pig":6,"untamedwilds:terror_bird":1,"minecraft:spider":1,"dannys_expansion:foamcaster":1},"minecraft:mined":{"minecraft:grass":44,"minecraft:tall_grass":18},"minecraft:used":{"minecraft:bread":6,"epicfight:stone_greatsword":131,"minecraft:cooked_porkchop":3,"minecraft:carrot":5,"minecraft:experience_bottle":3},"minecraft:killed_by":{"simple_mobs:ogre":1}},"DataVersion":2975}