{"stats":{"minecraft:dropped":{"hexerei:sage_seed":3,"minecraft:wheat_seeds":1},"minecraft:picked_up":{"hexerei:animal_fat":3,"minecraft:leather_boots":1,"minecraft:leather_chestplate":1,"minecraft:leather_leggings":1,"minecraft:stone_axe":1,"minecraft:wheat_seeds":2,"minecraft:porkchop":14,"minecraft:chainmail_helmet":1,"hexerei:sage_seed":3},"minecraft:custom":{"minecraft:open_chest":1,"minecraft:time_since_rest":6634,"minecraft:interact_with_furnace":1,"minecraft:crouch_one_cm":224,"minecraft:walk_one_cm":64310,"minecraft:play_time":7375,"minecraft:sprint_one_cm":44351,"minecraft:damage_absorbed":165,"minecraft:damage_taken":517,"minecraft:deaths":1,"minecraft:sneak_time":29,"minecraft:walk_under_water_one_cm":274,"minecraft:mob_kills":8,"minecraft:drop":2,"minecraft:eat_cake_slice":2,"minecraft:jump":115,"minecraft:damage_dealt":1263,"minecraft:time_since_death":6559,"minecraft:walk_on_water_one_cm":5952,"minecraft:climb_one_cm":970,"minecraft:total_world_time":7375,"minecraft:swim_one_cm":5262,"minecraft:fall_one_cm":2450,"minecraft:fly_one_cm":24880},"minecraft:killed":{"humancompanions:axeguard":1,"minecraft:pig":6,"dannys_expansion:foamcaster":1},"minecraft:mined":{"minecraft:grass":17,"minecraft:tall_grass":10},"minecraft:used":{"minecraft:bread":3,"epicfight:stone_greatsword":42},"minecraft:killed_by":{"simple_mobs:ogre":1}},"DataVersion":2975}