{"stats":{"minecraft:dropped":{"hexerei:sage_seed":1,"minecraft:wheat_seeds":2,"minecraft:smooth_stone_slab":2,"orcz:big_bone_1":1,"minecraft:lantern":2,"minecraft:carrot":1,"minecraft:emerald":1,"minecraft:stick":2,"minecraft:dirt":3,"minecraft:oak_wood":1,"simple_mobs:lycanthrope_elixir":1,"pineapple_delight:pineapple_crop":4,"apotheosis:gem":2,"minecraft:leather_boots":1,"orcz:bone_1deco":1},"minecraft:picked_up":{"minecraft:charcoal":64,"minecraft:crafting_table":1,"ecologics:walnut":15,"minecraft:dirt":28,"minecraft:lantern":3,"minecraft:smooth_stone_slab":2,"minecraft:cooked_mutton":2,"minecraft:leather_boots":1,"simple_mobs:lootbag":1,"ecologics:walnut_sapling":10,"minecraft:wheat_seeds":4,"minecraft:furnace":2,"minecraft:book":42,"hexerei:animal_fat":1,"minecraft:polished_andesite_stairs":2,"minecraft:stick":2,"minecraft:raw_iron":2,"apotheosis:gem":1,"paraglider:essence":1,"ecologics:walnut_log":7,"simple_mobs:ogreliver":1,"minecraft:porkchop":3,"quark:deepslate_furnace":2,"minecraft:carrot":1,"hexerei:sage_seed":1,"minecraft:oak_wood":1,"dannys_expansion:gel":1,"minecraft:rotten_flesh":16,"minecraft:jungle_stairs":1,"minecraft:emerald":2,"pineapple_delight:pineapple_crop":4,"simple_mobs:lycanthrope_elixir":1,"minecraft:cobblestone":17},"minecraft:custom":{"minecraft:interact_with_furnace":22,"lootr:looted_stat":13,"minecraft:mob_kills":22,"minecraft:interact_with_crafting_table":8,"minecraft:open_barrel":16,"minecraft:damage_dealt_resisted":83,"minecraft:eat_cake_slice":3,"minecraft:interact_with_grindstone":1,"minecraft:leave_game":4,"minecraft:time_since_death":19942,"minecraft:sleep_in_bed":2,"minecraft:climb_one_cm":13097,"minecraft:time_since_rest":13435,"champions:champion_mobs_killed":20,"minecraft:sprint_one_cm":279846,"minecraft:damage_absorbed":80,"minecraft:damage_taken":2872,"minecraft:walk_one_cm":538008,"minecraft:drop":20,"minecraft:damage_dealt":3598,"minecraft:damage_dealt_absorbed":20,"minecraft:swim_one_cm":43706,"minecraft:talked_to_villager":1,"minecraft:fly_one_cm":911614,"minecraft:open_chest":15,"minecraft:crouch_one_cm":6315,"minecraft:play_time":105867,"minecraft:deaths":4,"minecraft:sneak_time":2014,"minecraft:walk_under_water_one_cm":26034,"minecraft:jump":1314,"minecraft:walk_on_water_one_cm":9043,"minecraft:total_world_time":105867,"minecraft:fall_one_cm":21270,"minecraft:horse_one_cm":4606},"minecraft:crafted":{"minecraft:cooked_porkchop":3,"minecraft:air":38,"minecraft:stick":8,"minecraft:stone_sword":1},"minecraft:killed":{"simple_mobs:ogre":1,"minecraft:pig":1,"restored_earth:lobber_zombie":4,"minecraft:vindicator":1,"minecraft:pillager":4,"minecraft:zombie":8,"simple_mobs:graywerewolf":1,"restored_earth:bouldering_zombie":1},"minecraft:mined":{"quark:spruce_bookshelf":8,"minecraft:crafting_table":1,"minecraft:jungle_stairs":1,"minecraft:grass_block":14,"minecraft:oak_wood":1,"minecraft:polished_andesite_stairs":2,"minecraft:tall_grass":29,"minecraft:spawner":1,"minecraft:furnace":2,"minecraft:iron_ore":2,"treechop:chopped_log":2,"minecraft:smooth_stone_slab":2,"quark:deepslate_furnace":2,"minecraft:grass":52,"minecraft:bookshelf":6,"minecraft:dirt_path":1,"pineapple_delight:pineapple_wild_crop":5,"minecraft:lantern":1,"minecraft:gravel":1,"minecraft:dirt":14,"immersive_weathering:ecologics/walnut_leaf_pile":2,"minecraft:stone":17},"minecraft:used":{"minecraft:cooked_mutton":2,"minecraft:stone_sword":86,"minecraft:stone_pickaxe":14,"minecraft:wooden_pickaxe":18,"minecraft:torch":3,"minecraft:golden_apple":2,"minecraft:dirt":8,"minecraft:crafting_table":3,"minecraft:crossbow":4,"quark:deepslate_furnace":1,"minecraft:lantern":1,"minecraft:bread":29,"minecraft:iron_pickaxe":9,"minecraft:diamond_sword":54,"minecraft:bow":76,"minecraft:furnace":3,"minecraft:cooked_porkchop":3,"ecologics:walnut":15,"minecraft:potato":9,"minecraft:pillager_spawn_egg":2},"minecraft:killed_by":{"minecraft:vindicator":1,"minecraft:zombie":1,"minecraft:drowned":1,"guardvillagers:guard":1}},"DataVersion":2975}