{"stats":{"minecraft:dropped":{"minecraft:wheat_seeds":1,"pineapple_delight:pineapple_crop":4},"minecraft:picked_up":{"hexerei:animal_fat":1,"minecraft:charcoal":64,"minecraft:crafting_table":1,"ecologics:walnut":11,"paraglider:essence":1,"ecologics:walnut_log":3,"simple_mobs:ogreliver":1,"minecraft:porkchop":3,"quark:deepslate_furnace":2,"minecraft:dirt":23,"simple_mobs:lootbag":1,"dannys_expansion:gel":1,"ecologics:walnut_sapling":4,"minecraft:wheat_seeds":1,"pineapple_delight:pineapple_crop":4,"minecraft:cobblestone":17,"minecraft:furnace":2},"minecraft:custom":{"minecraft:time_since_rest":13760,"minecraft:interact_with_furnace":9,"champions:champion_mobs_killed":2,"lootr:looted_stat":1,"minecraft:sprint_one_cm":51017,"minecraft:damage_taken":40,"minecraft:walk_one_cm":91300,"minecraft:mob_kills":3,"minecraft:drop":3,"minecraft:swim_one_cm":7517,"minecraft:interact_with_crafting_table":3,"minecraft:fly_one_cm":84891,"minecraft:crouch_one_cm":1591,"minecraft:play_time":27014,"minecraft:sneak_time":487,"minecraft:walk_under_water_one_cm":1965,"minecraft:jump":219,"minecraft:eat_cake_slice":3,"minecraft:walk_on_water_one_cm":1767,"minecraft:time_since_death":27014,"minecraft:sleep_in_bed":1,"minecraft:total_world_time":27014,"minecraft:climb_one_cm":5022,"minecraft:fall_one_cm":4497},"minecraft:crafted":{"minecraft:cooked_porkchop":3,"minecraft:stick":4,"minecraft:air":16},"minecraft:killed":{"minecraft:pillager":1,"simple_mobs:ogre":1,"minecraft:pig":1},"minecraft:mined":{"minecraft:furnace":2,"treechop:chopped_log":1,"minecraft:crafting_table":1,"quark:deepslate_furnace":2,"minecraft:grass":1,"minecraft:grass_block":11,"pineapple_delight:pineapple_wild_crop":3,"minecraft:dirt":12,"minecraft:tall_grass":4,"immersive_weathering:ecologics/walnut_leaf_pile":2,"minecraft:stone":17},"minecraft:used":{"minecraft:stone_pickaxe":4,"minecraft:wooden_pickaxe":18,"minecraft:dirt":7,"minecraft:bow":48,"minecraft:crafting_table":1,"ecologics:walnut":9}},"DataVersion":2975}