{"stats":{"minecraft:dropped":{"minecraft:wheat_seeds":1,"minecraft:smooth_stone_slab":1,"orcz:big_bone_1":1,"minecraft:stick":2,"minecraft:dirt":3,"minecraft:oak_wood":1,"simple_mobs:lycanthrope_elixir":1,"pineapple_delight:pineapple_crop":4,"apotheosis:gem":2,"orcz:bone_1deco":1},"minecraft:picked_up":{"minecraft:charcoal":64,"minecraft:crafting_table":1,"ecologics:walnut":15,"minecraft:dirt":26,"minecraft:smooth_stone_slab":1,"minecraft:cooked_mutton":2,"simple_mobs:lootbag":1,"ecologics:walnut_sapling":10,"minecraft:wheat_seeds":1,"minecraft:furnace":2,"minecraft:book":42,"hexerei:animal_fat":1,"minecraft:polished_andesite_stairs":2,"minecraft:stick":2,"apotheosis:gem":1,"paraglider:essence":1,"ecologics:walnut_log":7,"simple_mobs:ogreliver":1,"minecraft:porkchop":3,"quark:deepslate_furnace":2,"minecraft:oak_wood":1,"dannys_expansion:gel":1,"minecraft:rotten_flesh":15,"minecraft:jungle_stairs":1,"pineapple_delight:pineapple_crop":4,"simple_mobs:lycanthrope_elixir":1,"minecraft:cobblestone":17},"minecraft:custom":{"lootr:looted_stat":10,"minecraft:interact_with_furnace":20,"minecraft:mob_kills":16,"minecraft:interact_with_crafting_table":6,"minecraft:open_barrel":16,"minecraft:damage_dealt_resisted":3,"minecraft:eat_cake_slice":3,"minecraft:interact_with_grindstone":1,"minecraft:time_since_death":4768,"minecraft:sleep_in_bed":1,"minecraft:climb_one_cm":12961,"minecraft:time_since_rest":4794,"champions:champion_mobs_killed":15,"minecraft:sprint_one_cm":177570,"minecraft:damage_absorbed":40,"minecraft:damage_taken":1298,"minecraft:walk_one_cm":350280,"minecraft:drop":12,"minecraft:damage_dealt":2098,"minecraft:damage_dealt_absorbed":20,"minecraft:swim_one_cm":41161,"minecraft:talked_to_villager":1,"minecraft:fly_one_cm":634558,"minecraft:open_chest":14,"minecraft:crouch_one_cm":4389,"minecraft:play_time":69014,"minecraft:deaths":2,"minecraft:sneak_time":1472,"minecraft:walk_under_water_one_cm":25782,"minecraft:jump":720,"minecraft:walk_on_water_one_cm":8699,"minecraft:total_world_time":69014,"minecraft:fall_one_cm":16345,"minecraft:horse_one_cm":4606},"minecraft:crafted":{"minecraft:cooked_porkchop":3,"minecraft:air":32,"minecraft:stick":8,"minecraft:stone_sword":1},"minecraft:killed":{"simple_mobs:ogre":1,"minecraft:pig":1,"restored_earth:lobber_zombie":4,"minecraft:pillager":1,"minecraft:zombie":7,"simple_mobs:graywerewolf":1,"restored_earth:bouldering_zombie":1},"minecraft:mined":{"quark:spruce_bookshelf":8,"minecraft:crafting_table":1,"minecraft:jungle_stairs":1,"minecraft:grass_block":13,"minecraft:oak_wood":1,"minecraft:polished_andesite_stairs":2,"minecraft:tall_grass":12,"minecraft:spawner":1,"minecraft:furnace":2,"treechop:chopped_log":2,"minecraft:smooth_stone_slab":1,"quark:deepslate_furnace":2,"minecraft:grass":20,"minecraft:bookshelf":6,"pineapple_delight:pineapple_wild_crop":3,"minecraft:dirt":14,"minecraft:stone":17,"immersive_weathering:ecologics/walnut_leaf_pile":2},"minecraft:used":{"minecraft:stone_sword":86,"minecraft:stone_pickaxe":14,"minecraft:wooden_pickaxe":18,"minecraft:golden_apple":1,"minecraft:dirt":7,"minecraft:crafting_table":2,"quark:deepslate_furnace":1,"minecraft:bread":10,"minecraft:iron_pickaxe":4,"minecraft:bow":73,"minecraft:cooked_porkchop":3,"ecologics:walnut":15,"minecraft:potato":9},"minecraft:killed_by":{"minecraft:zombie":1,"minecraft:drowned":1}},"DataVersion":2975}