{"stats":{"minecraft:picked_up":{"minecraft:dirt":7},"minecraft:custom":{"minecraft:jump":45,"minecraft:time_since_rest":3014,"minecraft:crouch_one_cm":164,"minecraft:sprint_one_cm":9498,"minecraft:play_time":3014,"minecraft:walk_on_water_one_cm":1536,"minecraft:time_since_death":3014,"minecraft:walk_one_cm":9768,"minecraft:sneak_time":16,"minecraft:total_world_time":3014,"minecraft:walk_under_water_one_cm":1892,"minecraft:swim_one_cm":5387,"minecraft:fall_one_cm":209,"minecraft:fly_one_cm":14349},"minecraft:mined":{"minecraft:grass_block":7},"minecraft:used":{"minecraft:dirt":7}},"DataVersion":2975}