{"stats":{"minecraft:dropped":{"minecraft:wheat_seeds":1,"simple_mobs:lycanthrope_elixir":1,"pineapple_delight:pineapple_crop":4,"apotheosis:gem":1},"minecraft:picked_up":{"minecraft:charcoal":64,"minecraft:crafting_table":1,"ecologics:walnut":15,"minecraft:dirt":26,"minecraft:cooked_mutton":2,"simple_mobs:lootbag":1,"ecologics:walnut_sapling":10,"minecraft:wheat_seeds":1,"minecraft:furnace":2,"minecraft:book":42,"hexerei:animal_fat":1,"minecraft:stick":2,"apotheosis:gem":1,"paraglider:essence":1,"ecologics:walnut_log":7,"simple_mobs:ogreliver":1,"minecraft:porkchop":3,"quark:deepslate_furnace":2,"minecraft:oak_wood":1,"dannys_expansion:gel":1,"minecraft:rotten_flesh":6,"minecraft:jungle_stairs":1,"pineapple_delight:pineapple_crop":4,"simple_mobs:lycanthrope_elixir":1,"minecraft:cobblestone":17},"minecraft:custom":{"lootr:looted_stat":1,"minecraft:interact_with_furnace":20,"minecraft:mob_kills":9,"minecraft:interact_with_crafting_table":6,"minecraft:open_barrel":16,"minecraft:damage_dealt_resisted":3,"minecraft:eat_cake_slice":3,"minecraft:interact_with_grindstone":1,"minecraft:time_since_death":3971,"minecraft:sleep_in_bed":1,"minecraft:climb_one_cm":12429,"minecraft:time_since_rest":4375,"champions:champion_mobs_killed":8,"minecraft:sprint_one_cm":142866,"minecraft:damage_taken":690,"minecraft:walk_one_cm":266467,"minecraft:drop":5,"minecraft:damage_dealt":872,"minecraft:damage_dealt_absorbed":20,"minecraft:swim_one_cm":29807,"minecraft:talked_to_villager":1,"minecraft:fly_one_cm":284365,"minecraft:open_chest":12,"minecraft:crouch_one_cm":3994,"minecraft:play_time":57014,"minecraft:deaths":1,"minecraft:sneak_time":920,"minecraft:walk_under_water_one_cm":12327,"minecraft:jump":621,"minecraft:walk_on_water_one_cm":6688,"minecraft:total_world_time":57014,"minecraft:fall_one_cm":15837,"minecraft:horse_one_cm":4606},"minecraft:crafted":{"minecraft:cooked_porkchop":3,"minecraft:air":32,"minecraft:stick":8,"minecraft:stone_sword":1},"minecraft:killed":{"simple_mobs:ogre":1,"minecraft:pig":1,"restored_earth:lobber_zombie":4,"minecraft:pillager":1,"simple_mobs:graywerewolf":1,"restored_earth:bouldering_zombie":1},"minecraft:mined":{"quark:spruce_bookshelf":8,"minecraft:crafting_table":1,"minecraft:jungle_stairs":1,"minecraft:grass_block":13,"minecraft:oak_wood":1,"minecraft:tall_grass":12,"minecraft:furnace":2,"treechop:chopped_log":2,"quark:deepslate_furnace":2,"minecraft:grass":20,"minecraft:bookshelf":6,"pineapple_delight:pineapple_wild_crop":3,"minecraft:dirt":14,"minecraft:stone":17,"immersive_weathering:ecologics/walnut_leaf_pile":2},"minecraft:used":{"minecraft:stone_sword":24,"minecraft:stone_pickaxe":14,"minecraft:wooden_pickaxe":18,"minecraft:dirt":7,"minecraft:crafting_table":2,"quark:deepslate_furnace":1,"minecraft:bread":5,"minecraft:bow":68,"minecraft:cooked_porkchop":3,"ecologics:walnut":15,"minecraft:potato":9},"minecraft:killed_by":{"minecraft:drowned":1}},"DataVersion":2975}