{"stats":{"minecraft:picked_up":{"minecraft:crafting_table":1,"minecraft:spruce_log":5,"minecraft:dirt":20,"minecraft:cobblestone":11},"minecraft:custom":{"minecraft:time_since_rest":5005,"minecraft:crouch_one_cm":727,"minecraft:play_time":5005,"minecraft:sprint_one_cm":18817,"minecraft:walk_one_cm":9488,"minecraft:sneak_time":369,"minecraft:jump":116,"minecraft:time_since_death":5005,"minecraft:walk_on_water_one_cm":136,"minecraft:total_world_time":5005,"minecraft:interact_with_crafting_table":2,"minecraft:fall_one_cm":2475,"minecraft:fly_one_cm":22333},"minecraft:crafted":{"minecraft:stone_sword":1,"minecraft:crafting_table":1,"minecraft:spruce_planks":20,"minecraft:stick":8,"minecraft:stone_pickaxe":1,"minecraft:wooden_pickaxe":1},"minecraft:used":{"minecraft:dirt":16,"minecraft:crafting_table":1,"minecraft:wooden_pickaxe":11},"minecraft:mined":{"minecraft:grass":5,"minecraft:grass_block":12,"minecraft:dirt":8,"minecraft:spruce_leaves":2,"minecraft:spruce_log":5,"minecraft:stone":11,"minecraft:birch_leaves":2,"minecraft:crafting_table":1}},"DataVersion":2975}