{"stats":{"minecraft:picked_up":{"minecraft:birch_log":6,"minecraft:crafting_table":1,"minecraft:feather":3,"minecraft:chicken":3,"minecraft:porkchop":1,"minecraft:gunpowder":2,"minecraft:spruce_log":6,"minecraft:dirt":39,"minecraft:arrow":4,"minecraft:mutton":2,"minecraft:white_wool":1,"minecraft:cobblestone":19},"minecraft:crafted":{"minecraft:crafting_table":2,"minecraft:stick":8,"minecraft:spruce_planks":20,"minecraft:wooden_pickaxe":1,"minecraft:stone_pickaxe":1,"minecraft:stone_sword":1,"minecraft:furnace":1,"minecraft:birch_planks":24},"minecraft:custom":{"minecraft:time_since_rest":17005,"minecraft:sprint_one_cm":34474,"minecraft:damage_taken":160,"minecraft:walk_one_cm":18368,"minecraft:mob_kills":6,"minecraft:damage_dealt":867,"minecraft:interact_with_crafting_table":4,"minecraft:fly_one_cm":40394,"minecraft:crouch_one_cm":788,"minecraft:play_time":17005,"minecraft:sneak_time":400,"minecraft:jump":197,"minecraft:walk_on_water_one_cm":136,"minecraft:time_since_death":17005,"minecraft:total_world_time":17005,"minecraft:fall_one_cm":5927},"minecraft:used":{"minecraft:stone_sword":21,"minecraft:birch_planks":14,"minecraft:stone_pickaxe":8,"minecraft:wooden_pickaxe":11,"minecraft:dirt":16,"minecraft:crafting_table":3},"minecraft:killed":{"minecraft:sheep":1,"minecraft:skeleton":2,"minecraft:pig":1,"minecraft:chicken":2,"minecraft:creeper":1},"minecraft:mined":{"minecraft:spruce_log":6,"minecraft:birch_leaves":2,"minecraft:crafting_table":1,"minecraft:grass":6,"minecraft:grass_block":13,"minecraft:dirt":11,"minecraft:spruce_leaves":2,"minecraft:stone":19}},"DataVersion":2975}