{"stats":{"minecraft:dropped":{"minecraft:wheat_seeds":1,"simple_mobs:lycanthrope_elixir":1,"pineapple_delight:pineapple_crop":4},"minecraft:picked_up":{"minecraft:book":42,"hexerei:animal_fat":1,"minecraft:stick":2,"minecraft:charcoal":64,"minecraft:crafting_table":1,"ecologics:walnut":15,"paraglider:essence":1,"ecologics:walnut_log":7,"simple_mobs:ogreliver":1,"minecraft:porkchop":3,"quark:deepslate_furnace":2,"minecraft:dirt":26,"simple_mobs:lootbag":1,"dannys_expansion:gel":1,"minecraft:rotten_flesh":5,"ecologics:walnut_sapling":10,"minecraft:jungle_stairs":1,"minecraft:wheat_seeds":1,"pineapple_delight:pineapple_crop":4,"simple_mobs:lycanthrope_elixir":1,"apotheosis:gem":1,"minecraft:cobblestone":17,"minecraft:furnace":2},"minecraft:custom":{"minecraft:time_since_rest":37760,"minecraft:interact_with_furnace":13,"champions:champion_mobs_killed":6,"lootr:looted_stat":1,"minecraft:sprint_one_cm":112856,"minecraft:damage_taken":366,"minecraft:walk_one_cm":227597,"minecraft:mob_kills":7,"minecraft:drop":4,"minecraft:damage_dealt":539,"minecraft:talked_to_villager":1,"minecraft:swim_one_cm":19446,"minecraft:interact_with_crafting_table":6,"minecraft:fly_one_cm":190917,"minecraft:open_barrel":15,"minecraft:open_chest":4,"minecraft:crouch_one_cm":3683,"minecraft:play_time":51014,"minecraft:sneak_time":818,"minecraft:walk_under_water_one_cm":3241,"minecraft:damage_dealt_resisted":3,"minecraft:jump":542,"minecraft:eat_cake_slice":3,"minecraft:walk_on_water_one_cm":4454,"minecraft:time_since_death":51014,"minecraft:sleep_in_bed":1,"minecraft:total_world_time":51014,"minecraft:climb_one_cm":12429,"minecraft:fall_one_cm":12850,"minecraft:horse_one_cm":4606},"minecraft:crafted":{"minecraft:cooked_porkchop":3,"minecraft:stick":8,"minecraft:stone_sword":1,"minecraft:air":32},"minecraft:killed":{"minecraft:pillager":1,"simple_mobs:ogre":1,"minecraft:pig":1,"restored_earth:lobber_zombie":3,"simple_mobs:graywerewolf":1},"minecraft:mined":{"minecraft:furnace":2,"treechop:chopped_log":2,"quark:spruce_bookshelf":8,"minecraft:crafting_table":1,"minecraft:jungle_stairs":1,"quark:deepslate_furnace":2,"minecraft:grass":20,"minecraft:bookshelf":6,"minecraft:grass_block":13,"pineapple_delight:pineapple_wild_crop":3,"minecraft:dirt":14,"minecraft:tall_grass":12,"immersive_weathering:ecologics/walnut_leaf_pile":2,"minecraft:stone":17},"minecraft:used":{"minecraft:stone_sword":16,"quark:deepslate_furnace":1,"minecraft:bread":3,"minecraft:stone_pickaxe":14,"minecraft:wooden_pickaxe":18,"minecraft:dirt":7,"minecraft:bow":68,"minecraft:crafting_table":2,"minecraft:cooked_porkchop":3,"ecologics:walnut":11,"minecraft:potato":9}},"DataVersion":2975}