{"stats":{"minecraft:picked_up":{"minecraft:charcoal":64,"minecraft:crafting_table":1,"ecologics:walnut":11,"paraglider:essence":1,"ecologics:walnut_log":3,"simple_mobs:ogreliver":1,"quark:deepslate_furnace":2,"minecraft:dirt":23,"simple_mobs:lootbag":1,"dannys_expansion:gel":1,"ecologics:walnut_sapling":4,"minecraft:cobblestone":17,"minecraft:furnace":2},"minecraft:custom":{"minecraft:time_since_rest":1760,"minecraft:interact_with_furnace":2,"champions:champion_mobs_killed":1,"lootr:looted_stat":1,"minecraft:sprint_one_cm":23183,"minecraft:damage_taken":20,"minecraft:walk_one_cm":42252,"minecraft:mob_kills":1,"minecraft:swim_one_cm":5387,"minecraft:interact_with_crafting_table":3,"minecraft:fly_one_cm":33268,"minecraft:crouch_one_cm":1505,"minecraft:play_time":15014,"minecraft:sneak_time":404,"minecraft:walk_under_water_one_cm":1892,"minecraft:jump":108,"minecraft:walk_on_water_one_cm":1536,"minecraft:time_since_death":15014,"minecraft:sleep_in_bed":1,"minecraft:total_world_time":15014,"minecraft:climb_one_cm":4522,"minecraft:fall_one_cm":1527},"minecraft:crafted":{"minecraft:stick":4,"minecraft:air":16},"minecraft:killed":{"simple_mobs:ogre":1},"minecraft:mined":{"minecraft:furnace":2,"treechop:chopped_log":1,"minecraft:crafting_table":1,"quark:deepslate_furnace":2,"minecraft:grass":1,"minecraft:grass_block":11,"minecraft:dirt":12,"minecraft:tall_grass":4,"immersive_weathering:ecologics/walnut_leaf_pile":2,"minecraft:stone":17},"minecraft:used":{"minecraft:stone_pickaxe":4,"minecraft:wooden_pickaxe":18,"minecraft:dirt":7,"minecraft:bow":22,"minecraft:crafting_table":1}},"DataVersion":2975}