{"stats":{"minecraft:dropped":{"minecraft:wheat_seeds":1,"simple_mobs:lycanthrope_elixir":1,"pineapple_delight:pineapple_crop":4},"minecraft:picked_up":{"minecraft:book":21,"hexerei:animal_fat":1,"minecraft:charcoal":64,"minecraft:crafting_table":1,"ecologics:walnut":11,"paraglider:essence":1,"ecologics:walnut_log":3,"simple_mobs:ogreliver":1,"minecraft:porkchop":3,"quark:deepslate_furnace":2,"minecraft:dirt":23,"simple_mobs:lootbag":1,"dannys_expansion:gel":1,"ecologics:walnut_sapling":4,"minecraft:wheat_seeds":1,"pineapple_delight:pineapple_crop":4,"simple_mobs:lycanthrope_elixir":1,"minecraft:cobblestone":17,"minecraft:furnace":2},"minecraft:custom":{"minecraft:time_since_rest":25760,"minecraft:interact_with_furnace":13,"champions:champion_mobs_killed":3,"lootr:looted_stat":1,"minecraft:sprint_one_cm":77446,"minecraft:damage_taken":259,"minecraft:walk_one_cm":179258,"minecraft:mob_kills":4,"minecraft:drop":4,"minecraft:damage_dealt":90,"minecraft:swim_one_cm":9810,"minecraft:interact_with_crafting_table":5,"minecraft:fly_one_cm":124570,"minecraft:open_barrel":13,"minecraft:open_chest":1,"minecraft:crouch_one_cm":2903,"minecraft:play_time":39014,"minecraft:sneak_time":685,"minecraft:walk_under_water_one_cm":2005,"minecraft:damage_dealt_resisted":3,"minecraft:jump":345,"minecraft:eat_cake_slice":3,"minecraft:walk_on_water_one_cm":3123,"minecraft:time_since_death":39014,"minecraft:sleep_in_bed":1,"minecraft:total_world_time":39014,"minecraft:climb_one_cm":11903,"minecraft:fall_one_cm":7762},"minecraft:crafted":{"minecraft:cooked_porkchop":3,"minecraft:stick":8,"minecraft:stone_sword":1,"minecraft:air":16},"minecraft:killed":{"minecraft:pillager":1,"simple_mobs:ogre":1,"minecraft:pig":1,"simple_mobs:graywerewolf":1},"minecraft:mined":{"minecraft:furnace":2,"treechop:chopped_log":1,"quark:spruce_bookshelf":4,"minecraft:crafting_table":1,"quark:deepslate_furnace":2,"minecraft:grass":7,"minecraft:bookshelf":3,"minecraft:grass_block":11,"pineapple_delight:pineapple_wild_crop":3,"minecraft:dirt":12,"minecraft:tall_grass":8,"immersive_weathering:ecologics/walnut_leaf_pile":2,"minecraft:stone":17},"minecraft:used":{"minecraft:stone_sword":2,"quark:deepslate_furnace":1,"minecraft:stone_pickaxe":14,"minecraft:wooden_pickaxe":18,"minecraft:dirt":7,"minecraft:bow":67,"minecraft:crafting_table":2,"minecraft:cooked_porkchop":3,"ecologics:walnut":11}},"DataVersion":2975}