{"stats":{"minecraft:picked_up":{"minecraft:acacia_sapling":2,"minecraft:acacia_log":8,"minecraft:dirt":1},"minecraft:used":{"minecraft:acacia_sapling":2,"minecraft:dirt":1},"minecraft:mined":{"minecraft:grass":5,"minecraft:acacia_log":8,"minecraft:grass_block":1,"minecraft:acacia_leaves":1},"minecraft:custom":{"minecraft:jump":58,"minecraft:time_since_rest":2228,"minecraft:leave_game":1,"minecraft:crouch_one_cm":48,"minecraft:sprint_one_cm":4214,"minecraft:play_time":2228,"minecraft:time_since_death":2228,"minecraft:walk_one_cm":4040,"minecraft:sneak_time":52,"minecraft:total_world_time":2228,"minecraft:fall_one_cm":2210,"minecraft:fly_one_cm":10882}},"DataVersion":2975}