{"stats":{"minecraft:killed":{"untamedwilds:hippo":1,"dannys_expansion:foamcaster":1},"minecraft:killed_by":{"minecraft:zombie":1},"minecraft:used":{"minecraft:bread":3,"epicfight:uchigatana":23},"minecraft:picked_up":{"untamedwilds:food_pachyderm_raw":8,"untamedwilds:material_fat":9,"minecraft:leather":1,"paraglider:spirit_orb":1},"minecraft:custom":{"minecraft:open_barrel":7,"minecraft:time_since_rest":4279,"minecraft:crouch_one_cm":144,"minecraft:deaths":1,"minecraft:play_time":16634,"lootr:looted_stat":3,"minecraft:sprint_one_cm":27126,"minecraft:damage_taken":362,"minecraft:walk_one_cm":57005,"minecraft:sneak_time":9,"minecraft:walk_under_water_one_cm":2174,"minecraft:mob_kills":2,"minecraft:jump":178,"minecraft:damage_dealt":901,"minecraft:leave_game":1,"minecraft:time_since_death":195,"minecraft:walk_on_water_one_cm":3907,"minecraft:total_world_time":16634,"minecraft:damage_dealt_absorbed":42,"minecraft:swim_one_cm":17412,"minecraft:fall_one_cm":2563,"minecraft:fly_one_cm":23798},"minecraft:mined":{"minecraft:melon":1}},"DataVersion":2975}