{"stats":{"minecraft:used":{"minecraft:diamond_pickaxe":2,"minecraft:stone_sword":12,"minecraft:bread":15,"epicfight:stone_greatsword":71,"minecraft:golden_apple":1,"minecraft:spyglass":11,"minecraft:dirt":1,"minecraft:hay_block":8,"minecraft:written_book":4,"minecraft:shulker_box":1,"minecraft:experience_bottle":1},"minecraft:custom":{"minecraft:time_since_rest":29620,"lootr:looted_stat":14,"champions:champion_mobs_killed":15,"minecraft:sprint_one_cm":66374,"minecraft:damage_absorbed":40,"minecraft:damage_taken":743,"minecraft:walk_one_cm":177615,"minecraft:mob_kills":18,"minecraft:drop":7,"minecraft:damage_dealt":3344,"minecraft:swim_one_cm":15602,"minecraft:fly_one_cm":73973,"minecraft:open_barrel":2,"minecraft:open_chest":19,"minecraft:open_shulker_box":1,"minecraft:crouch_one_cm":1330,"minecraft:play_time":29620,"minecraft:sneak_time":1649,"minecraft:walk_under_water_one_cm":2470,"minecraft:interact_with_brewingstand":3,"minecraft:jump":443,"minecraft:walk_on_water_one_cm":2869,"minecraft:time_since_death":29620,"minecraft:total_world_time":29620,"minecraft:climb_one_cm":16704,"minecraft:fall_one_cm":7077,"minecraft:horse_one_cm":5785},"minecraft:picked_up":{"minecraft:tipped_arrow":2,"apotheosis:gem":1,"minecraft:iron_door":1,"minecraft:fern":6,"minecraft:leather":2,"minecraft:smithing_table":1,"minecraft:dandelion":1,"quark:yellow_corundum_cluster":1,"minecraft:brewing_stand":1,"epicfight:stray_pants":1,"minecraft:string":3,"minecraft:shulker_box":1,"supplementaries:flower_box":1,"minecraft:dirt":2,"minecraft:bone":1,"minecraft:arrow":2,"minecraft:rotten_flesh":3,"minecraft:wheat_seeds":5,"minecraft:orange_tulip":2,"minecraft:hay_block":13,"minecraft:beef":2,"minecraft:grass":4,"quark:soul_bead":12,"minecraft:poppy":3,"minecraft:oak_sapling":1,"irons_spellbooks:frozen_bone":4,"minecraft:mutton":2,"minecraft:white_wool":2,"minecraft:book":3},"minecraft:mined":{"quark:dark_oak_bookshelf":1,"minecraft:smithing_table":1,"minecraft:hay_block":13,"minecraft:glass_pane":2,"supplementaries:flower_box":1,"minecraft:shulker_box":1,"minecraft:brewing_stand":1,"minecraft:grass":1,"minecraft:grass_block":2,"minecraft:cobweb":3,"minecraft:tall_grass":5,"minecraft:spruce_leaves":1,"minecraft:oak_leaves":3},"minecraft:killed":{"minecraft:sheep":2,"minecraft:stray":1,"minecraft:vindicator":1,"quark:wraith":12,"minecraft:zoglin":1,"minecraft:cow":1},"minecraft:dropped":{"minecraft:poppy":3,"minecraft:grass":4,"minecraft:wheat_seeds":5,"minecraft:fern":6,"irons_spellbooks:frozen_bone":2,"minecraft:tipped_arrow":2}},"DataVersion":2975}