{"stats":{"minecraft:used":{"minecraft:stone_sword":15,"minecraft:oak_planks":16,"minecraft:spruce_planks":12,"minecraft:golden_apple":1,"minecraft:dirt":4,"minecraft:spyglass":52,"minecraft:crafting_table":1,"minecraft:shulker_box":3,"minecraft:dark_oak_planks":12,"minecraft:diamond_pickaxe":39,"minecraft:bread":28,"epicfight:stone_greatsword":76,"minecraft:hay_block":8,"minecraft:written_book":4,"alexsmobs:animal_dictionary":2,"minecraft:experience_bottle":1},"minecraft:custom":{"lootr:looted_stat":18,"minecraft:mob_kills":20,"minecraft:traded_with_villager":2,"minecraft:interact_with_crafting_table":1,"minecraft:open_barrel":3,"minecraft:open_shulker_box":3,"minecraft:time_since_death":14825,"minecraft:sleep_in_bed":1,"minecraft:climb_one_cm":19158,"minecraft:time_since_rest":8283,"champions:champion_mobs_killed":15,"minecraft:sprint_one_cm":144028,"minecraft:walk_one_cm":337776,"minecraft:damage_taken":1570,"minecraft:damage_absorbed":40,"minecraft:drop":8,"minecraft:damage_dealt":3643,"minecraft:talked_to_villager":2,"minecraft:swim_one_cm":35600,"minecraft:fly_one_cm":188170,"minecraft:open_chest":26,"minecraft:crouch_one_cm":7675,"minecraft:play_time":53620,"minecraft:deaths":1,"minecraft:sneak_time":2425,"minecraft:walk_under_water_one_cm":4056,"minecraft:jump":996,"minecraft:interact_with_brewingstand":3,"minecraft:walk_on_water_one_cm":11079,"minecraft:total_world_time":53620,"minecraft:fall_one_cm":21287,"minecraft:horse_one_cm":5785},"minecraft:crafted":{"alexsmobs:animal_dictionary":1,"minecraft:air":60,"minecraft:diamond":1},"minecraft:picked_up":{"minecraft:crafting_table":1,"minecraft:iron_door":1,"minecraft:smithing_table":1,"minecraft:leather":2,"minecraft:fern":6,"paraglider:spirit_orb":1,"minecraft:tuff":29,"minecraft:oak_log":1,"minecraft:brewing_stand":1,"epicfight:stray_pants":1,"minecraft:dirt":4,"minecraft:string":3,"minecraft:bone":1,"minecraft:orange_tulip":2,"minecraft:wheat_seeds":5,"minecraft:cobbled_deepslate":2,"minecraft:beef":2,"quark:soul_bead":12,"minecraft:poppy":3,"minecraft:book":3,"minecraft:tipped_arrow":2,"irons_spellbooks:frozen_bone":4,"apotheosis:gem":1,"minecraft:dandelion":1,"quark:yellow_corundum_cluster":1,"minecraft:porkchop":2,"supplementaries:flower_box":1,"minecraft:shulker_box":3,"minecraft:arrow":2,"minecraft:rotten_flesh":3,"minecraft:hay_block":13,"minecraft:grass":4,"minecraft:oak_sapling":2,"minecraft:mutton":3,"minecraft:white_wool":2,"minecraft:cobblestone":2},"minecraft:mined":{"minecraft:smithing_table":1,"quark:dark_oak_bookshelf":1,"minecraft:tuff":31,"minecraft:glass_pane":2,"supplementaries:flower_box":1,"minecraft:brewing_stand":1,"minecraft:shulker_box":3,"minecraft:crafting_table":1,"minecraft:grass_block":3,"minecraft:tall_grass":7,"minecraft:cobblestone":2,"minecraft:spruce_leaves":1,"minecraft:hay_block":13,"minecraft:cobbled_deepslate":2,"minecraft:grass":1,"minecraft:oak_log":1,"minecraft:dirt":1,"minecraft:cobweb":3,"minecraft:oak_leaves":8},"minecraft:killed":{"minecraft:pig":1,"minecraft:vindicator":1,"minecraft:zoglin":1,"minecraft:sheep":3,"minecraft:stray":1,"quark:wraith":12,"minecraft:cow":1},"minecraft:dropped":{"minecraft:wheat_seeds":5,"minecraft:fern":6,"minecraft:poppy":3,"minecraft:grass":4,"minecraft:tipped_arrow":2,"minecraft:oak_sapling":1,"irons_spellbooks:frozen_bone":2}},"DataVersion":2975}