{"stats":{"minecraft:used":{"minecraft:bread":2,"epicfight:stone_greatsword":10},"minecraft:custom":{"minecraft:time_since_rest":5620,"champions:champion_mobs_killed":1,"minecraft:play_time":5620,"lootr:looted_stat":3,"minecraft:sprint_one_cm":24938,"minecraft:damage_taken":55,"minecraft:walk_one_cm":48278,"minecraft:sneak_time":3,"minecraft:walk_under_water_one_cm":2470,"minecraft:mob_kills":4,"minecraft:jump":133,"minecraft:damage_dealt":499,"minecraft:time_since_death":5620,"minecraft:walk_on_water_one_cm":2869,"minecraft:total_world_time":5620,"minecraft:swim_one_cm":15602,"minecraft:fall_one_cm":1163,"minecraft:fly_one_cm":27157},"minecraft:picked_up":{"minecraft:leather":2,"minecraft:beef":2,"minecraft:dirt":2,"minecraft:mutton":2,"minecraft:white_wool":2},"minecraft:mined":{"minecraft:grass_block":2},"minecraft:killed":{"minecraft:vindicator":1,"minecraft:sheep":2,"minecraft:cow":1}},"DataVersion":2975}