{"stats":{"minecraft:used":{"minecraft:ladder":4,"minecraft:iron_sword":480,"minecraft:player_head":1,"minecraft:iron_chestplate":1,"minecraft:carrot":11,"minecraft:tuff":6,"simple_mobs:lycanthrope_elixir":11,"minecraft:bow":79,"minecraft:hay_block":8,"minecraft:written_book":4,"minecraft:furnace":1,"minecraft:egg":1,"cloudstorage:balloon":35,"epicfight:skillbook":7,"minecraft:oak_planks":16,"minecraft:ender_pearl":3,"magistuarmory:wood_flamebladedsword":46,"minecraft:golden_apple":1,"minecraft:glow_berries":4,"minecraft:sand":9,"minecraft:mushroom_stew":1,"minecraft:melon_slice":31,"minecraft:bread":114,"minecraft:string":7,"create:potato_cannon":8,"simple_mobs:mjolnir":56,"minecraft:experience_bottle":1,"minecraft:orange_concrete_powder":2,"minecraft:trident":177,"sophisticatedbackpacks:iron_backpack":1,"minecraft:stone_sword":48,"minecraft:spruce_planks":12,"minecraft:cooked_chicken":12,"minecraft:dirt":7,"minecraft:spyglass":82,"minecraft:spruce_stairs":1,"minecraft:shulker_box":3,"minecraft:spruce_fence":2,"minecraft:dark_oak_planks":12,"epicfight:stone_greatsword":135,"minecraft:golden_carrot":15,"minecraft:cooked_beef":15,"minecraft:iron_leggings":1,"minecraft:cooked_mutton":18,"minecraft:birch_planks":1,"minecraft:crafting_table":3,"bosses_of_mass_destruction:soul_star":2,"epicfight:stone_spear":6,"endrem:rogue_eye":1,"minecraft:diamond_pickaxe":345,"minecraft:cracked_polished_blackstone_bricks":2,"minecraft:iron_pickaxe":131,"minecraft:stone_axe":110,"minecraft:enchanted_book":1,"farmersdelight:cooked_bacon":5,"minecraft:cobblestone":8,"minecraft:cooked_porkchop":24,"minecraft:pumpkin_pie":1,"alexsmobs:animal_dictionary":2,"epicfight:uchigatana":42,"minecraft:smooth_stone":12},"minecraft:custom":{"lootr:looted_stat":61,"minecraft:interact_with_crafting_table":19,"minecraft:open_barrel":25,"minecraft:open_shulker_box":3,"minecraft:eat_cake_slice":7,"minecraft:leave_game":6,"minecraft:time_since_death":69588,"minecraft:damage_resisted":51,"champions:champion_mobs_killed":229,"minecraft:sprint_one_cm":1627112,"minecraft:drop":128,"minecraft:talked_to_villager":2,"minecraft:play_time":472199,"minecraft:deaths":20,"minecraft:jump":5955,"minecraft:interact_with_brewingstand":3,"minecraft:walk_on_water_one_cm":45806,"minecraft:interact_with_furnace":44,"minecraft:traded_with_villager":2,"minecraft:sleep_in_bed":2,"minecraft:damage_dealt":53785,"minecraft:player_kills":2,"minecraft:crouch_one_cm":55532,"minecraft:inspect_dispenser":2,"minecraft:horse_one_cm":5785,"minecraft:mob_kills":287,"minecraft:interact_with_campfire":13,"minecraft:damage_dealt_resisted":3024,"minecraft:climb_one_cm":89915,"minecraft:walk_one_cm":4143195,"minecraft:damage_dealt_absorbed":3415,"minecraft:sneak_time":10580,"minecraft:walk_under_water_one_cm":28869,"minecraft:total_world_time":472199,"minecraft:tune_noteblock":6,"minecraft:time_since_rest":69636,"minecraft:damage_taken":21439,"minecraft:damage_absorbed":211,"minecraft:swim_one_cm":164059,"minecraft:fly_one_cm":1575395,"minecraft:open_chest":164,"minecraft:fall_one_cm":156152},"minecraft:crafted":{"alexsmobs:animal_dictionary":1,"minecraft:cooked_chicken":2,"minecraft:cooked_mutton":8,"minecraft:cooked_porkchop":24,"farmersdelight:cooked_bacon":5,"minecraft:diamond":1,"minecraft:cooked_beef":11,"farmersdelight:cooked_mutton_chops":3,"minecraft:air":194},"minecraft:picked_up":{"minecraft:iron_chestplate":1,"minecraft:black_carpet":5,"minecraft:wheat":12,"minecraft:diamond_sword":1,"minecraft:smithing_table":1,"quark:music_disc_drips":1,"minecraft:potion":1,"minecraft:enchanted_book":10,"minecraft:gilded_blackstone":1,"minecraft:brewing_stand":1,"minecraft:string":115,"minecraft:orange_concrete_powder":2,"irons_spellbooks:arcane_essence":5,"minecraft:cobbled_deepslate":2,"minecraft:smooth_stone":31,"bosses_of_mass_destruction:soul_star":3,"jet_and_elias_armors:hedge_knight_armor_leggings":1,"untamedwilds:hide_bigcat_jaguar":2,"minecraft:melon_slice":36,"minecraft:coal_block":13,"minecraft:iron_boots":3,"minecraft:furnace":1,"minecraft:crimson_pressure_plate":1,"minecraft:tipped_arrow":2,"apotheosis:gem":8,"immersive_weathering:sand_layer_block":1,"minecraft:spruce_stairs":1,"quark:yellow_corundum_cluster":1,"epicfight:skillbook":1,"minecraft:porkchop":22,"minecraft:vine":1,"minecraft:rotten_flesh":50,"endrem:rogue_eye":2,"minecraft:cobblestone":18,"epicfight:stone_spear":1,"minecraft:feather":6,"minecraft:cooked_beef":1,"untamedwilds:hide_bigcat_puma":6,"minecraft:iron_door":2,"paraglider:spirit_orb":3,"minecraft:tuff":29,"minecraft:wither_skeleton_skull":2,"minecraft:dirt":7,"minecraft:bone":96,"minecraft:bow":1,"minecraft:orange_tulip":2,"minecraft:wheat_seeds":8,"quark:soul_bead":12,"hexerei:animal_fat":4,"irons_spellbooks:frozen_bone":4,"minecraft:stripped_crimson_stem":1,"minecraft:sand":7,"sophisticatedbackpacks:iron_backpack":3,"minecraft:dead_bush":3,"minecraft:shulker_box":3,"minecraft:diamond":1,"minecraft:cracked_polished_blackstone_bricks":2,"minecraft:granite":7,"minecraft:grass":4,"minecraft:bread":5,"minecraft:emerald":3,"cloudstorage:balloon":5,"minecraft:oak_sapling":2,"minecraft:bricks":4,"minecraft:diamond_pickaxe":1,"minecraft:cocoa_beans":3,"minecraft:crafting_table":4,"dawncraft:crystallized_xp":2,"minecraft:chicken":9,"minecraft:ladder":4,"epicfight:stray_pants":1,"minecraft:cornflower":1,"create:redstone_link":1,"bloodandmadness:blood_vial":1,"minecraft:cracked_stone_bricks":3,"minecraft:beef":13,"minecraft:player_head":2,"minecraft:iron_nugget":2,"minecraft:poppy":3,"minecraft:egg":3,"minecraft:spruce_fence":4,"create:powdered_obsidian":2,"minecraft:carrot":10,"supplementaries:flower_box":1,"minecraft:dark_oak_planks":4,"minecraft:arrow":82,"minecraft:beetroot_seeds":1,"minecraft:pumpkin_pie":1,"minecraft:hay_block":18,"untamedwilds:hide_bigcat_leopard":3,"minecraft:glow_berries":4,"minecraft:mutton":18,"minecraft:white_wool":4,"minecraft:leather":5,"minecraft:fern":6,"minecraft:birch_planks":2,"minecraft:mushroom_stew":1,"minecraft:oak_log":1,"minecraft:gunpowder":2,"minecraft:cooked_mutton":10,"minecraft:stone_bricks":2,"minecraft:iron_ingot":1,"minecraft:cooked_chicken":5,"minecraft:cobweb":5,"minecraft:dark_oak_stairs":2,"minecraft:book":26,"minecraft:dark_oak_slab":2,"minecraft:sweet_berries":3,"minecraft:dandelion":1,"ba_bt:monolith_key_land":1,"magistuarmory:rustednorman_helmet":2,"magistuarmory:rustedchainmail_leggings":2,"minecraft:mossy_stone_brick_slab":1,"minecraft:spider_eye":26,"minecraft:slime_ball":4,"magistuarmory:rusted_bastardsword":1,"minecraft:iron_helmet":4,"minecraft:gray_wool":1,"minecraft:baked_potato":2,"minecraft:coal":59},"minecraft:mined":{"quark:dark_oak_bookshelf":1,"minecraft:spruce_planks":2,"minecraft:mossy_stone_brick_slab":3,"supplementaries:flower_box":1,"minecraft:jungle_leaves":22,"minecraft:brewing_stand":1,"minecraft:cave_vines_plant":1,"minecraft:spruce_trapdoor":1,"minecraft:chiseled_polished_blackstone":2,"minecraft:grass_block":3,"sophisticatedbackpacks:iron_backpack":1,"minecraft:cracked_polished_blackstone_bricks":2,"minecraft:coal_block":11,"minecraft:chiseled_stone_bricks":15,"minecraft:spawner":24,"minecraft:smooth_stone":51,"minecraft:mossy_cobblestone_stairs":3,"minecraft:cobbled_deepslate":2,"minecraft:barrel":3,"minecraft:fire":1,"minecraft:black_carpet":6,"minecraft:water_cauldron":1,"minecraft:iron_bars":14,"minecraft:player_head":1,"minecraft:tripwire":3,"untamedwilds:flora_water_hyacinth":1,"supplementaries:book_pile":1,"cloudstorage:cloud":3,"minecraft:melon":8,"minecraft:glass":1,"minecraft:cobblestone":3,"minecraft:bricks":6,"minecraft:iron_door":2,"minecraft:crimson_stairs":4,"minecraft:wither_rose":1,"minecraft:stone_brick_stairs":3,"minecraft:smooth_stone_slab":4,"minecraft:grass":16,"minecraft:oak_log":1,"minecraft:sand":1,"minecraft:dirt":1,"ba_bt:spawner_marker":4,"minecraft:netherrack":1,"minecraft:stripped_crimson_stem":5,"minecraft:oak_leaves":32,"minecraft:tuff":31,"minecraft:dark_oak_leaves":20,"minecraft:orange_concrete_powder":2,"minecraft:shulker_box":3,"minecraft:ladder":1,"minecraft:spruce_fence":3,"minecraft:brick_stairs":2,"minecraft:redstone_wire":4,"minecraft:spruce_leaves":1,"minecraft:moss_block":2,"minecraft:hay_block":17,"minecraft:furnace":1,"minecraft:carrots":2,"minecraft:red_concrete_powder":3,"minecraft:bookshelf":6,"minecraft:vine":5,"minecraft:lantern":1,"minecraft:stone":16,"minecraft:smithing_table":1,"minecraft:acacia_leaves":2,"minecraft:glass_pane":2,"minecraft:stone_brick_slab":2,"ba_bt:bt_land_spawner":19,"minecraft:polished_granite":1,"minecraft:oak_fence":4,"minecraft:crafting_table":3,"immersive_weathering:soot":3,"minecraft:rose_bush":3,"minecraft:campfire":2,"minecraft:tall_grass":11,"minecraft:birch_planks":1,"minecraft:cobblestone_wall":5,"minecraft:sweet_berry_bush":1,"minecraft:coal_ore":3,"minecraft:cobweb":3,"minecraft:cracked_stone_bricks":17,"minecraft:stone_bricks":41,"minecraft:mossy_stone_bricks":22,"minecraft:fern":3},"minecraft:killed":{"minecraft:cave_spider":11,"minecraft:spider":67,"minecraft:skeleton":39,"hunterillager:hunterillager":4,"bloodandmadness:beast_patient":1,"cloudstorage:bloviator":6,"minecraft:chicken":10,"minecraft:silverfish":2,"minecraft:magma_cube":3,"minecraft:pig":11,"ba_bt:bt_cultist":1,"minecraft:creeper":1,"minecraft:sheep":10,"minecraft:pillager":1,"minecraft:zombie":38,"tinyskeletons:baby_skeleton":1,"alexsmobs:toucan":1,"minecraft:stray":1,"minecraft:cow":3,"bloodandmadness:cloaked_beast_patient":1,"minecraft:vindicator":1,"alexsmobs:seagull":2,"minecraft:zoglin":1,"restored_earth:lobber_zombie":3,"untamedwilds:big_cat":2,"dannys_expansion:ghoul":1,"ecologics:squirrel":1,"minecraft:wither_skeleton":32,"monsterplus:overgrown_skeleton":4,"quark:wraith":12},"minecraft:dropped":{"sophisticatedbackpacks:iron_backpack":1,"minecraft:birch_planks":1,"minecraft:cooked_beef":2,"minecraft:dark_oak_slab":2,"magistuarmory:rustednorman_helmet":1,"paraglider:spirit_orb":1,"minecraft:grass":4,"magistuarmory:rusted_bastardsword":1,"minecraft:gold_nugget":143,"minecraft:gilded_blackstone":1,"minecraft:sand":6,"minecraft:iron_pickaxe":1,"minecraft:dark_oak_planks":2,"minecraft:bone":3,"magistuarmory:rustedchainmail_leggings":1,"minecraft:spyglass":1,"minecraft:iron_nugget":66,"minecraft:cobbled_deepslate":2,"minecraft:black_carpet":4,"quark:music_disc_drips":1,"minecraft:rotten_flesh":21,"immersive_weathering:sand_layer_block":1,"jet_and_elias_armors:hedge_knight_armor_leggings":1,"minecraft:fern":6,"minecraft:mossy_stone_brick_slab":1,"minecraft:poppy":3,"minecraft:leather_chestplate":1,"minecraft:tipped_arrow":2,"minecraft:beetroot_seeds":1,"apotheosis:gem":1,"cloudstorage:balloon":6,"minecraft:egg":2,"minecraft:iron_ingot":16,"minecraft:bread":1,"minecraft:vine":1,"minecraft:wheat_seeds":8,"minecraft:feather":6,"minecraft:iron_helmet":5,"minecraft:cobblestone":2,"minecraft:book":1,"minecraft:granite":7,"minecraft:coal":1,"ba_bt:monolith_key_land":1,"minecraft:stick":3,"minecraft:cobweb":10,"minecraft:stripped_crimson_stem":1,"minecraft:gray_wool":1,"minecraft:iron_door":1,"minecraft:potion":1,"minecraft:iron_leggings":1,"minecraft:dead_bush":6,"minecraft:cactus":18,"minecraft:smooth_stone":18,"minecraft:string":30,"irons_spellbooks:frozen_bone":2,"minecraft:bricks":4,"minecraft:sweet_berries":3,"minecraft:player_head":1,"minecraft:cocoa_beans":3,"minecraft:bowl":1,"minecraft:iron_boots":4,"minecraft:spruce_fence":2,"minecraft:pumpkin_seeds":3,"create:redstone_link":1,"minecraft:iron_chestplate":2,"minecraft:diamond_pickaxe":1,"minecraft:oak_sapling":1,"minecraft:spider_eye":3,"minecraft:stone_bricks":2,"minecraft:slime_ball":4,"minecraft:blue_orchid":5,"untamedwilds:hide_bigcat_puma":3,"epicfight:skillbook":6},"minecraft:killed_by":{"minecraft:pillager":1,"minecraft:zombie":5,"minecraft:player":4,"minecraft:spider":2,"simple_mobs:knight_2":1,"minecraft:skeleton":4},"minecraft:broken":{"minecraft:iron_boots":1,"minecraft:iron_chestplate":1,"minecraft:stone_axe":1,"minecraft:iron_sword":1,"epicfight:stone_spear":1,"minecraft:leather_helmet":1,"epicfight:stone_greatsword":1}},"DataVersion":2975}