{"stats":{"minecraft:custom":{"minecraft:jump":138,"minecraft:time_since_rest":5638,"minecraft:waystone_activated":1,"minecraft:damage_dealt":13,"lootr:looted_stat":1,"minecraft:play_time":5638,"minecraft:sprint_one_cm":57544,"minecraft:damage_taken":285,"minecraft:time_since_death":5638,"minecraft:walk_one_cm":62603,"minecraft:sneak_time":3,"minecraft:total_world_time":5638,"minecraft:fall_one_cm":3102,"minecraft:fly_one_cm":44434},"minecraft:picked_up":{"paraglider:spirit_orb":2},"minecraft:used":{"minecraft:bread":5,"epicfight:stone_greatsword":3}},"DataVersion":2975}