{"stats":{"minecraft:broken":{"minecraft:iron_boots":1,"minecraft:iron_chestplate":1,"minecraft:chainmail_boots":1,"minecraft:stone_axe":1,"minecraft:iron_sword":1,"epicfight:stone_spear":1,"minecraft:leather_helmet":1,"minecraft:chainmail_leggings":1,"minecraft:chainmail_helmet":1,"epicfight:stone_greatsword":1},"minecraft:used":{"minecraft:ladder":4,"minecraft:iron_sword":480,"minecraft:player_head":1,"minecraft:iron_chestplate":1,"minecraft:carrot":11,"minecraft:tuff":6,"simple_mobs:lycanthrope_elixir":11,"minecraft:bow":96,"minecraft:hay_block":8,"minecraft:written_book":4,"minecraft:sweet_berries":4,"minecraft:furnace":1,"minecraft:egg":1,"cloudstorage:balloon":35,"epicfight:skillbook":7,"minecraft:oak_planks":16,"minecraft:ender_pearl":3,"magistuarmory:wood_flamebladedsword":46,"minecraft:golden_apple":2,"minecraft:glow_berries":4,"minecraft:sand":9,"minecraft:mushroom_stew":1,"minecraft:bread":165,"minecraft:melon_slice":31,"minecraft:string":7,"create:potato_cannon":8,"minecraft:diamond_sword":88,"simple_mobs:mjolnir":56,"minecraft:experience_bottle":1,"minecraft:trident":184,"minecraft:orange_concrete_powder":2,"sophisticatedbackpacks:iron_backpack":1,"minecraft:stone_sword":48,"minecraft:spruce_planks":12,"minecraft:cooked_chicken":19,"minecraft:dirt":66,"minecraft:spyglass":82,"minecraft:spruce_stairs":1,"minecraft:shulker_box":3,"minecraft:spruce_fence":3,"minecraft:dark_oak_planks":12,"epicfight:stone_greatsword":135,"minecraft:golden_carrot":19,"farmersdelight:cooked_mutton_chops":3,"minecraft:cooked_beef":16,"minecraft:iron_leggings":1,"minecraft:cooked_mutton":24,"minecraft:birch_planks":1,"minecraft:baked_potato":2,"minecraft:mossy_cobblestone":1,"minecraft:crafting_table":3,"bosses_of_mass_destruction:soul_star":3,"epicfight:stone_spear":6,"endrem:rogue_eye":1,"minecraft:diamond_pickaxe":366,"minecraft:apple":1,"minecraft:cracked_polished_blackstone_bricks":2,"minecraft:iron_pickaxe":131,"minecraft:stone_axe":110,"minecraft:enchanted_book":1,"farmersdelight:cooked_bacon":5,"minecraft:cobblestone":23,"minecraft:cooked_porkchop":43,"minecraft:pumpkin_pie":1,"alexsmobs:animal_dictionary":2,"minecraft:smooth_stone":12,"epicfight:uchigatana":350},"minecraft:crafted":{"alexsmobs:animal_dictionary":1,"minecraft:cooked_chicken":9,"minecraft:cooked_mutton":15,"minecraft:cooked_porkchop":43,"farmersdelight:cooked_bacon":5,"minecraft:diamond":1,"minecraft:cooked_beef":11,"farmersdelight:cooked_mutton_chops":3,"minecraft:air":194},"minecraft:mined":{"quark:dark_oak_bookshelf":1,"minecraft:spruce_planks":2,"minecraft:mossy_stone_brick_slab":3,"supplementaries:flower_box":1,"minecraft:jungle_leaves":22,"minecraft:brewing_stand":1,"minecraft:spruce_trapdoor":1,"minecraft:cave_vines_plant":1,"minecraft:chiseled_polished_blackstone":2,"minecraft:grass_block":34,"sophisticatedbackpacks:iron_backpack":1,"minecraft:cracked_polished_blackstone_bricks":2,"minecraft:coal_block":11,"minecraft:spawner":28,"minecraft:chiseled_stone_bricks":15,"minecraft:smooth_stone":51,"minecraft:mossy_cobblestone_stairs":3,"minecraft:fire":1,"minecraft:barrel":3,"minecraft:cobbled_deepslate":2,"minecraft:black_carpet":6,"minecraft:water_cauldron":1,"minecraft:iron_bars":14,"minecraft:player_head":1,"minecraft:tripwire":5,"untamedwilds:flora_water_hyacinth":1,"supplementaries:book_pile":1,"cloudstorage:cloud":3,"minecraft:melon":8,"minecraft:glass":1,"minecraft:cobblestone":19,"minecraft:bricks":6,"minecraft:iron_door":2,"minecraft:crimson_stairs":4,"minecraft:smooth_stone_slab":4,"minecraft:wither_rose":1,"minecraft:stone_brick_stairs":3,"minecraft:grass":21,"minecraft:oak_log":1,"minecraft:sand":1,"minecraft:dirt":35,"ba_bt:spawner_marker":4,"minecraft:netherrack":1,"minecraft:stripped_crimson_stem":5,"minecraft:oak_leaves":32,"minecraft:tuff":31,"minecraft:mossy_cobblestone":1,"minecraft:dark_oak_leaves":20,"minecraft:orange_concrete_powder":2,"minecraft:shulker_box":3,"minecraft:ladder":1,"minecraft:spruce_fence":5,"minecraft:brick_stairs":2,"minecraft:redstone_wire":4,"minecraft:spruce_leaves":1,"minecraft:moss_block":7,"minecraft:hay_block":17,"minecraft:furnace":1,"minecraft:carrots":2,"minecraft:red_concrete_powder":3,"minecraft:bookshelf":6,"minecraft:vine":5,"minecraft:lantern":1,"minecraft:white_tulip":1,"minecraft:stone":16,"minecraft:smithing_table":1,"minecraft:acacia_leaves":2,"minecraft:glass_pane":2,"minecraft:stone_brick_slab":2,"ba_bt:bt_land_spawner":19,"minecraft:polished_granite":1,"minecraft:oak_fence":4,"minecraft:crafting_table":3,"immersive_weathering:soot":3,"minecraft:rose_bush":3,"minecraft:campfire":2,"minecraft:tall_grass":13,"minecraft:birch_planks":1,"minecraft:cobblestone_wall":5,"minecraft:sweet_berry_bush":1,"minecraft:coal_ore":3,"minecraft:cobweb":3,"minecraft:cracked_stone_bricks":17,"minecraft:stone_bricks":41,"minecraft:mossy_stone_bricks":22,"minecraft:fern":4},"minecraft:dropped":{"sophisticatedbackpacks:iron_backpack":1,"minecraft:birch_planks":1,"minecraft:cooked_beef":2,"minecraft:dark_oak_slab":2,"minecraft:saddle":2,"magistuarmory:rustednorman_helmet":1,"paraglider:spirit_orb":1,"minecraft:dirt":12,"minecraft:grass":4,"hexerei:mandrake_flower":2,"magistuarmory:rusted_bastardsword":1,"minecraft:gilded_blackstone":1,"minecraft:gold_nugget":143,"minecraft:sand":6,"minecraft:iron_pickaxe":1,"minecraft:dark_oak_planks":2,"solapplepie:food_book":1,"minecraft:bone":4,"magistuarmory:rustedchainmail_leggings":1,"minecraft:white_tulip":1,"minecraft:spyglass":1,"minecraft:iron_nugget":66,"minecraft:cobbled_deepslate":2,"minecraft:black_carpet":4,"minecraft:wheat":10,"quark:music_disc_drips":1,"minecraft:birch_sapling":3,"minecraft:rotten_flesh":35,"immersive_weathering:sand_layer_block":1,"jet_and_elias_armors:hedge_knight_armor_leggings":1,"minecraft:fern":6,"minecraft:mossy_stone_brick_slab":1,"minecraft:cooked_mutton":1,"minecraft:poppy":3,"minecraft:leather_chestplate":1,"minecraft:tipped_arrow":2,"minecraft:gunpowder":2,"minecraft:beetroot_seeds":1,"apotheosis:gem":2,"cloudstorage:balloon":6,"minecraft:egg":2,"minecraft:bread":1,"minecraft:iron_ingot":16,"minecraft:vine":1,"minecraft:wheat_seeds":8,"dannys_expansion:yellow_spores":8,"minecraft:feather":6,"minecraft:iron_helmet":6,"minecraft:cobblestone":3,"minecraft:book":1,"minecraft:granite":7,"minecraft:coal":1,"ba_bt:monolith_key_land":1,"minecraft:stick":3,"minecraft:cobweb":10,"minecraft:stripped_crimson_stem":1,"minecraft:gray_wool":1,"minecraft:iron_door":1,"minecraft:potion":1,"minecraft:dead_bush":6,"minecraft:iron_leggings":1,"epicfight:stone_greatsword":1,"minecraft:white_banner":1,"minecraft:smooth_stone":18,"minecraft:cactus":18,"minecraft:string":32,"irons_spellbooks:frozen_bone":2,"minecraft:bricks":4,"minecraft:sweet_berries":3,"minecraft:player_head":1,"epicfight:uchigatana":1,"minecraft:stone_sword":1,"minecraft:cocoa_beans":3,"minecraft:bowl":1,"minecraft:iron_boots":4,"minecraft:spruce_fence":3,"minecraft:pumpkin_seeds":5,"create:redstone_link":1,"minecraft:spruce_trapdoor":1,"minecraft:diamond_pickaxe":1,"minecraft:iron_chestplate":3,"minecraft:oak_sapling":1,"minecraft:stone_bricks":2,"minecraft:spider_eye":3,"minecraft:slime_ball":4,"minecraft:blue_orchid":5,"untamedwilds:hide_bigcat_puma":3,"epicfight:skillbook":6,"majruszsdifficulty:pillager_treasure_bag":1},"minecraft:killed_by":{"minecraft:wither_skeleton":1,"minecraft:pillager":1,"minecraft:zombie":5,"minecraft:player":5,"minecraft:spider":2,"simple_mobs:knight_2":1,"minecraft:skeleton":4},"minecraft:killed":{"minecraft:cave_spider":13,"minecraft:witch":1,"minecraft:spider":68,"dannys_expansion:foamspring":1,"minecraft:skeleton":58,"hunterillager:hunterillager":6,"savage_and_ravage:griefer":2,"bloodandmadness:beast_patient":2,"cloudstorage:bloviator":6,"minecraft:chicken":17,"minecraft:silverfish":12,"minecraft:illusioner":1,"savage_and_ravage:creepie":13,"minecraft:skeleton_horse":3,"minecraft:magma_cube":3,"minecraft:pig":20,"ba_bt:bt_cultist":1,"minecraft:creeper":1,"minecraft:sheep":14,"minecraft:pillager":3,"tinyskeletons:baby_skeleton":1,"minecraft:zombie":45,"alexsmobs:toucan":1,"minecraft:stray":1,"minecraft:cow":3,"bloodandmadness:cloaked_beast_patient":1,"minecraft:vindicator":16,"alexsmobs:seagull":2,"minecraft:zoglin":1,"restored_earth:lobber_zombie":3,"simple_mobs:shade":1,"majruszsdifficulty:cursed_armor":1,"minecraft:ravager":4,"untamedwilds:big_cat":2,"dannys_expansion:ghoul":1,"ecologics:squirrel":1,"minecraft:wither_skeleton":45,"monsterplus:overgrown_skeleton":4,"quark:wraith":12},"minecraft:custom":{"lootr:looted_stat":67,"minecraft:interact_with_crafting_table":19,"minecraft:open_barrel":31,"minecraft:open_shulker_box":3,"minecraft:bell_ring":4,"minecraft:eat_cake_slice":7,"minecraft:leave_game":8,"minecraft:time_since_death":93421,"minecraft:damage_resisted":51,"champions:champion_mobs_killed":323,"minecraft:sprint_one_cm":2062665,"minecraft:drop":166,"minecraft:talked_to_villager":2,"minecraft:play_time":582695,"minecraft:deaths":22,"minecraft:jump":7018,"minecraft:interact_with_brewingstand":3,"minecraft:walk_on_water_one_cm":56527,"minecraft:interact_with_furnace":63,"minecraft:traded_with_villager":2,"minecraft:sleep_in_bed":4,"minecraft:waystone_activated":1,"minecraft:damage_dealt":79918,"minecraft:player_kills":6,"minecraft:crouch_one_cm":77281,"minecraft:inspect_dispenser":2,"minecraft:horse_one_cm":5785,"minecraft:mob_kills":413,"minecraft:interact_with_campfire":13,"minecraft:damage_dealt_resisted":4089,"minecraft:climb_one_cm":110480,"minecraft:walk_one_cm":5690350,"minecraft:damage_dealt_absorbed":5706,"minecraft:raid_win":1,"minecraft:sneak_time":12373,"minecraft:walk_under_water_one_cm":31260,"minecraft:total_world_time":582695,"minecraft:tune_noteblock":9,"minecraft:raid_trigger":1,"minecraft:time_since_rest":44793,"minecraft:damage_taken":27578,"minecraft:damage_absorbed":320,"minecraft:swim_one_cm":183516,"minecraft:fly_one_cm":1893099,"minecraft:open_chest":173,"minecraft:fall_one_cm":172576},"minecraft:picked_up":{"minecraft:iron_chestplate":2,"minecraft:black_carpet":5,"minecraft:wheat":12,"minecraft:smithing_table":1,"quark:music_disc_drips":1,"minecraft:diamond_sword":3,"minecraft:potion":1,"minecraft:enchanted_book":13,"minecraft:gilded_blackstone":1,"minecraft:brewing_stand":1,"minecraft:string":119,"minecraft:orange_concrete_powder":2,"irons_spellbooks:arcane_essence":5,"minecraft:smooth_stone":31,"minecraft:cobbled_deepslate":2,"bosses_of_mass_destruction:soul_star":3,"jet_and_elias_armors:hedge_knight_armor_leggings":1,"minecraft:white_tulip":1,"untamedwilds:hide_bigcat_jaguar":2,"minecraft:melon_slice":36,"minecraft:coal_block":13,"minecraft:iron_boots":3,"minecraft:furnace":1,"minecraft:crimson_pressure_plate":1,"minecraft:tipped_arrow":2,"minecraft:stick":1,"apotheosis:gem":11,"immersive_weathering:sand_layer_block":1,"minecraft:spruce_stairs":1,"quark:yellow_corundum_cluster":1,"epicfight:skillbook":1,"minecraft:porkchop":41,"minecraft:vine":1,"solapplepie:food_book":1,"minecraft:stone_sword":1,"minecraft:rotten_flesh":58,"endrem:rogue_eye":2,"minecraft:cobblestone":34,"minecraft:enchanting_table":1,"epicfight:stone_spear":1,"minecraft:feather":6,"minecraft:cooked_beef":2,"untamedwilds:hide_bigcat_puma":6,"minecraft:iron_door":2,"paraglider:spirit_orb":3,"minecraft:tuff":29,"hexerei:mandrake_flower":2,"minecraft:wither_skeleton_skull":4,"minecraft:dirt":78,"minecraft:bone":146,"minecraft:bow":1,"minecraft:orange_tulip":2,"minecraft:wheat_seeds":8,"dannys_expansion:yellow_spores":10,"quark:soul_bead":12,"hexerei:animal_fat":4,"irons_spellbooks:frozen_bone":4,"patchouli:guide_book":1,"minecraft:stripped_crimson_stem":1,"minecraft:sand":7,"sophisticatedbackpacks:iron_backpack":3,"minecraft:dead_bush":3,"minecraft:shulker_box":3,"minecraft:mossy_cobblestone":3,"minecraft:diamond":1,"minecraft:cracked_polished_blackstone_bricks":2,"minecraft:granite":7,"minecraft:grass":4,"minecraft:bread":5,"minecraft:emerald":20,"cloudstorage:balloon":5,"minecraft:oak_sapling":2,"minecraft:bricks":4,"minecraft:diamond_pickaxe":1,"minecraft:cocoa_beans":3,"minecraft:crafting_table":4,"dawncraft:crystallized_xp":3,"minecraft:chicken":16,"minecraft:ladder":4,"paraglider:heart_container":1,"epicfight:stray_pants":1,"minecraft:cornflower":1,"minecraft:iron_axe":1,"create:redstone_link":1,"bloodandmadness:blood_vial":3,"minecraft:cracked_stone_bricks":3,"minecraft:beef":13,"minecraft:player_head":2,"minecraft:iron_nugget":2,"majruszsdifficulty:pillager_treasure_bag":1,"minecraft:poppy":3,"minecraft:birch_sapling":3,"minecraft:spruce_trapdoor":1,"minecraft:egg":3,"minecraft:spruce_fence":6,"create:powdered_obsidian":2,"minecraft:carrot":10,"supplementaries:flower_box":1,"minecraft:dark_oak_planks":4,"minecraft:arrow":118,"minecraft:beetroot_seeds":1,"minecraft:pumpkin_pie":1,"untamedwilds:hide_bigcat_leopard":3,"minecraft:hay_block":18,"minecraft:saddle":2,"minecraft:glow_berries":4,"minecraft:mutton":25,"minecraft:white_wool":8,"minecraft:leather":5,"minecraft:fern":6,"minecraft:birch_planks":2,"minecraft:mushroom_stew":1,"minecraft:oak_log":1,"minecraft:gunpowder":8,"minecraft:white_banner":1,"minecraft:cooked_mutton":10,"minecraft:stone_bricks":2,"minecraft:iron_ingot":1,"minecraft:cooked_chicken":5,"minecraft:cobweb":5,"minecraft:dark_oak_stairs":2,"minecraft:book":26,"minecraft:dark_oak_slab":2,"epicfight:stone_greatsword":1,"minecraft:sweet_berries":6,"minecraft:dandelion":1,"ba_bt:monolith_key_land":1,"magistuarmory:rustednorman_helmet":2,"epicfight:uchigatana":1,"magistuarmory:rustedchainmail_leggings":2,"minecraft:mossy_stone_brick_slab":1,"minecraft:spider_eye":26,"minecraft:pumpkin_seeds":2,"minecraft:slime_ball":4,"magistuarmory:rusted_bastardsword":1,"minecraft:iron_helmet":4,"minecraft:gray_wool":1,"minecraft:baked_potato":2,"minecraft:coal":63}},"DataVersion":2975}