{"stats":{"minecraft:used":{"minecraft:trident":1,"minecraft:stone_sword":26,"minecraft:oak_planks":16,"minecraft:spruce_planks":12,"minecraft:golden_apple":1,"minecraft:dirt":4,"minecraft:spyglass":69,"minecraft:crafting_table":1,"minecraft:shulker_box":3,"minecraft:tuff":6,"minecraft:dark_oak_planks":12,"minecraft:diamond_pickaxe":94,"minecraft:bread":42,"epicfight:stone_greatsword":118,"minecraft:hay_block":8,"minecraft:written_book":4,"alexsmobs:animal_dictionary":2,"minecraft:experience_bottle":1},"minecraft:custom":{"minecraft:interact_with_furnace":1,"lootr:looted_stat":18,"minecraft:mob_kills":41,"minecraft:traded_with_villager":2,"minecraft:interact_with_crafting_table":1,"minecraft:open_barrel":14,"minecraft:open_shulker_box":3,"minecraft:time_since_death":4982,"minecraft:sleep_in_bed":1,"minecraft:climb_one_cm":21760,"minecraft:time_since_rest":5174,"champions:champion_mobs_killed":33,"minecraft:sprint_one_cm":253770,"minecraft:walk_one_cm":541705,"minecraft:damage_taken":2442,"minecraft:damage_absorbed":40,"minecraft:drop":17,"minecraft:damage_dealt":7305,"minecraft:talked_to_villager":2,"minecraft:swim_one_cm":39571,"minecraft:fly_one_cm":244222,"minecraft:open_chest":51,"minecraft:crouch_one_cm":7675,"minecraft:play_time":77620,"minecraft:deaths":2,"minecraft:sneak_time":2430,"minecraft:walk_under_water_one_cm":4265,"minecraft:jump":1234,"minecraft:interact_with_brewingstand":3,"minecraft:walk_on_water_one_cm":11779,"minecraft:total_world_time":77620,"minecraft:fall_one_cm":28279,"minecraft:horse_one_cm":5785},"minecraft:crafted":{"alexsmobs:animal_dictionary":1,"minecraft:air":60,"minecraft:diamond":1},"minecraft:picked_up":{"minecraft:crafting_table":1,"minecraft:iron_door":2,"minecraft:smithing_table":1,"minecraft:leather":2,"minecraft:fern":6,"quark:music_disc_drips":1,"minecraft:potion":1,"paraglider:spirit_orb":1,"minecraft:tuff":29,"minecraft:oak_log":1,"minecraft:brewing_stand":1,"epicfight:stray_pants":1,"minecraft:dirt":4,"minecraft:string":4,"minecraft:bone":10,"minecraft:orange_tulip":2,"minecraft:wheat_seeds":5,"minecraft:cobbled_deepslate":2,"minecraft:beef":2,"quark:soul_bead":12,"minecraft:poppy":3,"minecraft:coal_block":7,"minecraft:book":21,"minecraft:tipped_arrow":2,"irons_spellbooks:frozen_bone":4,"apotheosis:gem":1,"minecraft:sweet_berries":3,"minecraft:dandelion":1,"quark:yellow_corundum_cluster":1,"minecraft:porkchop":2,"create:powdered_obsidian":2,"minecraft:carrot":3,"minecraft:vine":1,"minecraft:spider_eye":3,"supplementaries:flower_box":1,"minecraft:shulker_box":3,"minecraft:arrow":8,"minecraft:rotten_flesh":6,"minecraft:hay_block":13,"minecraft:grass":4,"minecraft:bread":1,"minecraft:oak_sapling":2,"minecraft:mutton":3,"minecraft:white_wool":2,"minecraft:cobblestone":2},"minecraft:mined":{"minecraft:smithing_table":1,"quark:dark_oak_bookshelf":1,"minecraft:tuff":31,"untamedwilds:flora_water_hyacinth":1,"minecraft:glass_pane":2,"minecraft:dark_oak_leaves":2,"supplementaries:flower_box":1,"ba_bt:bt_land_spawner":8,"minecraft:polished_granite":1,"minecraft:brewing_stand":1,"minecraft:shulker_box":3,"minecraft:crafting_table":1,"minecraft:grass_block":3,"minecraft:coal_block":7,"minecraft:tall_grass":8,"minecraft:cobblestone":3,"minecraft:spruce_leaves":1,"minecraft:iron_door":2,"minecraft:chiseled_stone_bricks":2,"minecraft:smooth_stone":3,"minecraft:hay_block":13,"minecraft:cobblestone_wall":2,"minecraft:cobbled_deepslate":2,"minecraft:sweet_berry_bush":1,"minecraft:grass":1,"minecraft:bookshelf":6,"minecraft:oak_log":1,"minecraft:iron_bars":12,"minecraft:dirt":1,"ba_bt:spawner_marker":4,"minecraft:cobweb":3,"minecraft:cracked_stone_bricks":2,"minecraft:stone_bricks":3,"minecraft:mossy_stone_bricks":1,"minecraft:oak_leaves":8},"minecraft:killed":{"minecraft:pig":1,"minecraft:spider":5,"minecraft:vindicator":1,"alexsmobs:seagull":1,"minecraft:zoglin":1,"minecraft:skeleton":8,"minecraft:sheep":3,"tinyskeletons:baby_skeleton":1,"minecraft:zombie":3,"minecraft:stray":1,"monsterplus:overgrown_skeleton":1,"quark:wraith":12,"minecraft:cow":1},"minecraft:dropped":{"minecraft:sweet_berries":3,"minecraft:vine":1,"minecraft:wheat_seeds":5,"minecraft:cobbled_deepslate":2,"quark:music_disc_drips":1,"minecraft:cobblestone":2,"minecraft:fern":6,"minecraft:poppy":3,"minecraft:grass":4,"minecraft:tipped_arrow":2,"minecraft:iron_door":1,"minecraft:oak_sapling":1,"minecraft:potion":1,"minecraft:string":4,"irons_spellbooks:frozen_bone":2},"minecraft:killed_by":{"minecraft:skeleton":1}},"DataVersion":2975}