{"stats":{"minecraft:used":{"minecraft:trident":3,"minecraft:orange_concrete_powder":2,"minecraft:stone_sword":48,"minecraft:spruce_planks":12,"minecraft:iron_sword":182,"minecraft:cooked_chicken":6,"minecraft:iron_chestplate":1,"minecraft:dirt":4,"minecraft:spyglass":82,"minecraft:spruce_stairs":1,"minecraft:carrot":11,"minecraft:shulker_box":3,"minecraft:tuff":6,"simple_mobs:lycanthrope_elixir":11,"minecraft:dark_oak_planks":12,"epicfight:stone_greatsword":135,"minecraft:bow":16,"minecraft:hay_block":8,"minecraft:written_book":4,"minecraft:cooked_beef":4,"minecraft:iron_leggings":1,"minecraft:cooked_mutton":1,"epicfight:skillbook":7,"minecraft:birch_planks":1,"minecraft:oak_planks":16,"magistuarmory:wood_flamebladedsword":46,"minecraft:glow_berries":1,"minecraft:golden_apple":1,"minecraft:sand":2,"minecraft:crafting_table":2,"minecraft:mushroom_stew":1,"bosses_of_mass_destruction:soul_star":2,"epicfight:stone_spear":6,"minecraft:diamond_pickaxe":250,"minecraft:melon_slice":7,"minecraft:bread":74,"minecraft:iron_pickaxe":131,"create:potato_cannon":8,"minecraft:stone_axe":42,"simple_mobs:mjolnir":56,"minecraft:pumpkin_pie":1,"alexsmobs:animal_dictionary":2,"minecraft:experience_bottle":1},"minecraft:killed":{"minecraft:spider":58,"minecraft:vindicator":1,"alexsmobs:seagull":1,"minecraft:zoglin":1,"minecraft:skeleton":23,"minecraft:pig":1,"restored_earth:lobber_zombie":1,"ba_bt:bt_cultist":1,"untamedwilds:big_cat":1,"minecraft:sheep":3,"minecraft:pillager":1,"tinyskeletons:baby_skeleton":1,"minecraft:zombie":33,"minecraft:stray":1,"monsterplus:overgrown_skeleton":3,"quark:wraith":12,"minecraft:cow":1},"minecraft:crafted":{"alexsmobs:animal_dictionary":1,"minecraft:diamond":1,"minecraft:air":154},"minecraft:dropped":{"minecraft:bread":1,"minecraft:iron_ingot":16,"minecraft:vine":1,"minecraft:birch_planks":1,"minecraft:wheat_seeds":7,"minecraft:cooked_beef":2,"minecraft:dark_oak_slab":2,"minecraft:cobblestone":2,"minecraft:book":1,"minecraft:granite":7,"magistuarmory:rustednorman_helmet":1,"ba_bt:monolith_key_land":1,"minecraft:stick":3,"minecraft:cobweb":10,"minecraft:grass":4,"magistuarmory:rusted_bastardsword":1,"minecraft:iron_door":1,"minecraft:potion":1,"minecraft:iron_leggings":1,"minecraft:sand":6,"minecraft:iron_pickaxe":1,"minecraft:smooth_stone":18,"minecraft:dark_oak_planks":2,"minecraft:string":26,"irons_spellbooks:frozen_bone":2,"magistuarmory:rustedchainmail_leggings":1,"minecraft:bricks":4,"minecraft:sweet_berries":3,"minecraft:spyglass":1,"minecraft:iron_nugget":66,"minecraft:player_head":1,"minecraft:cobbled_deepslate":2,"minecraft:black_carpet":1,"minecraft:bowl":1,"quark:music_disc_drips":1,"minecraft:rotten_flesh":2,"minecraft:fern":6,"minecraft:mossy_stone_brick_slab":1,"minecraft:poppy":3,"minecraft:leather_chestplate":1,"minecraft:tipped_arrow":2,"minecraft:diamond_pickaxe":1,"apotheosis:gem":1,"minecraft:oak_sapling":1,"minecraft:stone_bricks":2,"epicfight:skillbook":6},"minecraft:mined":{"quark:dark_oak_bookshelf":1,"minecraft:tuff":31,"minecraft:spruce_planks":2,"minecraft:dark_oak_leaves":19,"minecraft:mossy_stone_brick_slab":3,"supplementaries:flower_box":1,"minecraft:orange_concrete_powder":2,"minecraft:brewing_stand":1,"minecraft:shulker_box":3,"minecraft:spruce_trapdoor":1,"minecraft:cave_vines_plant":1,"minecraft:chiseled_polished_blackstone":2,"minecraft:grass_block":3,"minecraft:spruce_fence":1,"minecraft:brick_stairs":2,"minecraft:cracked_polished_blackstone_bricks":2,"minecraft:redstone_wire":4,"minecraft:coal_block":7,"minecraft:moss_block":2,"minecraft:spruce_leaves":1,"minecraft:chiseled_stone_bricks":15,"minecraft:spawner":9,"minecraft:hay_block":17,"minecraft:smooth_stone":48,"minecraft:carrots":2,"minecraft:red_concrete_powder":3,"minecraft:mossy_cobblestone_stairs":3,"minecraft:fire":1,"minecraft:barrel":3,"minecraft:cobbled_deepslate":2,"minecraft:black_carpet":6,"minecraft:bookshelf":6,"minecraft:water_cauldron":1,"minecraft:vine":1,"minecraft:iron_bars":14,"minecraft:lantern":1,"minecraft:player_head":1,"minecraft:smithing_table":1,"minecraft:acacia_leaves":2,"untamedwilds:flora_water_hyacinth":1,"minecraft:glass_pane":2,"minecraft:stone_brick_slab":2,"ba_bt:bt_land_spawner":19,"minecraft:polished_granite":1,"minecraft:oak_fence":4,"minecraft:crafting_table":1,"minecraft:melon":2,"immersive_weathering:soot":2,"minecraft:rose_bush":3,"minecraft:campfire":2,"minecraft:tall_grass":8,"minecraft:cobblestone":3,"minecraft:bricks":6,"minecraft:iron_door":2,"minecraft:crimson_stairs":4,"minecraft:birch_planks":1,"minecraft:cobblestone_wall":5,"minecraft:sweet_berry_bush":1,"minecraft:wither_rose":1,"minecraft:stone_brick_stairs":3,"minecraft:smooth_stone_slab":4,"minecraft:grass":1,"minecraft:oak_log":1,"minecraft:dirt":1,"ba_bt:spawner_marker":4,"minecraft:cobweb":3,"minecraft:cracked_stone_bricks":15,"minecraft:stone_bricks":39,"minecraft:netherrack":1,"minecraft:stripped_crimson_stem":4,"minecraft:mossy_stone_bricks":20,"minecraft:oak_leaves":28},"minecraft:broken":{"minecraft:leather_helmet":1,"epicfight:stone_greatsword":1,"epicfight:stone_spear":1},"minecraft:killed_by":{"minecraft:player":3,"minecraft:spider":2,"minecraft:pillager":1,"minecraft:skeleton":4,"minecraft:zombie":5},"minecraft:custom":{"lootr:looted_stat":40,"minecraft:mob_kills":157,"minecraft:interact_with_crafting_table":10,"minecraft:open_barrel":23,"minecraft:open_shulker_box":3,"minecraft:eat_cake_slice":7,"minecraft:leave_game":2,"minecraft:time_since_death":13356,"minecraft:climb_one_cm":35355,"minecraft:damage_resisted":51,"minecraft:sprint_one_cm":797637,"champions:champion_mobs_killed":136,"minecraft:walk_one_cm":1884046,"minecraft:drop":72,"minecraft:damage_dealt_absorbed":553,"minecraft:talked_to_villager":2,"minecraft:play_time":234358,"minecraft:deaths":16,"minecraft:sneak_time":4057,"minecraft:walk_under_water_one_cm":11982,"minecraft:interact_with_brewingstand":3,"minecraft:jump":2759,"minecraft:walk_on_water_one_cm":35153,"minecraft:total_world_time":234358,"minecraft:interact_with_furnace":4,"minecraft:traded_with_villager":2,"minecraft:sleep_in_bed":1,"minecraft:time_since_rest":13402,"minecraft:damage_taken":11647,"minecraft:damage_absorbed":40,"minecraft:damage_dealt":24603,"minecraft:fly_one_cm":784510,"minecraft:swim_one_cm":116402,"minecraft:open_chest":99,"minecraft:crouch_one_cm":14822,"minecraft:fall_one_cm":81754,"minecraft:horse_one_cm":5785},"minecraft:picked_up":{"minecraft:wheat":12,"minecraft:crafting_table":2,"dawncraft:crystallized_xp":1,"minecraft:black_carpet":3,"minecraft:smithing_table":1,"quark:music_disc_drips":1,"minecraft:potion":1,"minecraft:brewing_stand":1,"epicfight:stray_pants":1,"minecraft:cornflower":1,"minecraft:string":89,"minecraft:orange_concrete_powder":2,"minecraft:cracked_stone_bricks":3,"minecraft:smooth_stone":30,"minecraft:cobbled_deepslate":2,"bosses_of_mass_destruction:soul_star":2,"minecraft:beef":2,"minecraft:player_head":2,"minecraft:iron_nugget":2,"minecraft:poppy":3,"minecraft:melon_slice":7,"minecraft:coal_block":9,"minecraft:tipped_arrow":2,"apotheosis:gem":4,"minecraft:crimson_pressure_plate":1,"minecraft:spruce_stairs":1,"quark:yellow_corundum_cluster":1,"epicfight:skillbook":1,"minecraft:porkchop":2,"create:powdered_obsidian":2,"minecraft:carrot":10,"minecraft:vine":1,"supplementaries:flower_box":1,"minecraft:dark_oak_planks":4,"minecraft:arrow":40,"minecraft:rotten_flesh":44,"minecraft:pumpkin_pie":1,"untamedwilds:hide_bigcat_leopard":3,"minecraft:hay_block":18,"minecraft:glow_berries":3,"minecraft:mutton":3,"minecraft:white_wool":2,"minecraft:cobblestone":2,"epicfight:stone_spear":1,"minecraft:cooked_beef":1,"minecraft:iron_door":2,"minecraft:leather":2,"minecraft:fern":6,"minecraft:birch_planks":2,"minecraft:mushroom_stew":1,"paraglider:spirit_orb":1,"minecraft:tuff":29,"minecraft:oak_log":1,"minecraft:dirt":4,"minecraft:cooked_mutton":1,"minecraft:bone":35,"minecraft:stone_bricks":2,"minecraft:wheat_seeds":7,"minecraft:orange_tulip":2,"minecraft:cooked_chicken":1,"minecraft:iron_ingot":1,"minecraft:cobweb":5,"quark:soul_bead":12,"minecraft:dark_oak_stairs":2,"minecraft:book":26,"minecraft:dark_oak_slab":2,"irons_spellbooks:frozen_bone":4,"minecraft:sweet_berries":3,"minecraft:dandelion":1,"minecraft:sand":6,"magistuarmory:rustednorman_helmet":2,"magistuarmory:rustedchainmail_leggings":2,"minecraft:mossy_stone_brick_slab":1,"minecraft:spider_eye":20,"minecraft:shulker_box":3,"magistuarmory:rusted_bastardsword":1,"minecraft:cracked_polished_blackstone_bricks":2,"minecraft:granite":7,"minecraft:grass":4,"minecraft:emerald":3,"minecraft:bread":5,"minecraft:oak_sapling":2,"minecraft:bricks":4,"minecraft:diamond_pickaxe":1}},"DataVersion":2975}