{"stats":{"minecraft:custom":{"minecraft:time_since_rest":12904,"minecraft:waystone_activated":1,"champions:champion_mobs_killed":8,"minecraft:sprint_one_cm":99463,"lootr:looted_stat":1,"minecraft:play_time":12904,"minecraft:walk_one_cm":153030,"minecraft:damage_taken":765,"minecraft:damage_absorbed":70,"minecraft:sneak_time":9,"minecraft:mob_kills":9,"minecraft:jump":405,"minecraft:damage_dealt":1422,"minecraft:leave_game":1,"minecraft:time_since_death":12904,"minecraft:total_world_time":12904,"minecraft:fall_one_cm":8861,"minecraft:fly_one_cm":127816},"minecraft:killed":{"simple_mobs:gob":4,"majruszsdifficulty:cursed_armor":1,"goblinsanddungeons:garch":2,"minecraft:chicken":1,"simple_mobs:hobgob":1},"minecraft:picked_up":{"hexerei:sage_seed":1,"minecraft:feather":2,"apotheosis:gem":2,"minecraft:chicken":1,"minecraft:golden_leggings":1,"minecraft:wheat_seeds":1,"paraglider:spirit_orb":2,"minecraft:golden_sword":1,"minecraft:golden_chestplate":1},"minecraft:mined":{"minecraft:grass":13,"minecraft:tall_grass":6},"minecraft:used":{"minecraft:golden_carrot":7,"minecraft:bread":6,"farmersdelight:golden_knife":8,"epicfight:stone_greatsword":53}},"DataVersion":2975}