{"stats":{"minecraft:used":{"minecraft:bread":5,"epicfight:stone_greatsword":17,"minecraft:dirt":1,"minecraft:hay_block":8,"minecraft:written_book":2,"minecraft:experience_bottle":1},"minecraft:custom":{"minecraft:time_since_rest":17620,"lootr:looted_stat":11,"champions:champion_mobs_killed":2,"minecraft:sprint_one_cm":47106,"minecraft:damage_taken":75,"minecraft:walk_one_cm":122683,"minecraft:mob_kills":5,"minecraft:drop":4,"minecraft:damage_dealt":897,"minecraft:swim_one_cm":15602,"minecraft:fly_one_cm":57064,"minecraft:open_barrel":2,"minecraft:open_chest":10,"minecraft:crouch_one_cm":75,"minecraft:play_time":17620,"minecraft:sneak_time":69,"minecraft:walk_under_water_one_cm":2470,"minecraft:jump":339,"minecraft:walk_on_water_one_cm":2869,"minecraft:time_since_death":17620,"minecraft:total_world_time":17620,"minecraft:climb_one_cm":132,"minecraft:fall_one_cm":3088,"minecraft:horse_one_cm":5785},"minecraft:picked_up":{"minecraft:fern":6,"minecraft:leather":2,"minecraft:smithing_table":1,"minecraft:dandelion":1,"quark:yellow_corundum_cluster":1,"supplementaries:flower_box":1,"minecraft:dirt":2,"minecraft:rotten_flesh":3,"minecraft:wheat_seeds":5,"minecraft:orange_tulip":2,"minecraft:hay_block":13,"minecraft:beef":2,"minecraft:grass":4,"minecraft:poppy":3,"minecraft:mutton":2,"minecraft:white_wool":2},"minecraft:mined":{"minecraft:smithing_table":1,"minecraft:hay_block":13,"minecraft:glass_pane":2,"supplementaries:flower_box":1,"minecraft:grass_block":2,"minecraft:tall_grass":1,"minecraft:spruce_leaves":1},"minecraft:killed":{"minecraft:sheep":2,"minecraft:vindicator":1,"minecraft:zoglin":1,"minecraft:cow":1},"minecraft:dropped":{"minecraft:poppy":3,"minecraft:grass":4,"minecraft:wheat_seeds":5,"minecraft:fern":6}},"DataVersion":2975}