{"stats":{"minecraft:used":{"minecraft:bread":6,"magistuarmory:stone_ranseur":17,"minecraft:wooden_pickaxe":44,"minecraft:crafting_table":2},"minecraft:custom":{"minecraft:time_since_rest":17215,"champions:champion_mobs_killed":3,"minecraft:sprint_one_cm":28216,"minecraft:walk_one_cm":113021,"minecraft:damage_taken":383,"minecraft:damage_absorbed":10,"minecraft:mob_kills":3,"minecraft:drop":3,"minecraft:damage_dealt":529,"minecraft:damage_dealt_absorbed":10,"minecraft:swim_one_cm":27518,"minecraft:interact_with_crafting_table":3,"minecraft:fly_one_cm":21300,"minecraft:crouch_one_cm":1927,"minecraft:play_time":17215,"minecraft:sneak_time":138,"minecraft:walk_under_water_one_cm":2527,"minecraft:jump":184,"minecraft:time_since_death":17215,"minecraft:walk_on_water_one_cm":7804,"minecraft:total_world_time":17215,"minecraft:fall_one_cm":2154},"minecraft:crafted":{"minecraft:wooden_pickaxe":1,"minecraft:air":38},"minecraft:mined":{"treechop:chopped_log":1,"minecraft:sand":23,"minecraft:spruce_leaves":2,"minecraft:stone":16,"minecraft:sugar_cane":2,"minecraft:sandstone":20},"minecraft:picked_up":{"minecraft:stick":2,"minecraft:sandstone":20,"minecraft:filled_map":1,"paraglider:spirit_orb":1,"minecraft:sand":23,"minecraft:spruce_sapling":2,"minecraft:spruce_log":8,"minecraft:spider_eye":1,"minecraft:rotten_flesh":4,"magistuarmory:stone_ranseur":1,"minecraft:sugar_cane":6,"minecraft:cobblestone":16},"minecraft:killed":{"minecraft:zombie":2,"minecraft:spider":1},"minecraft:dropped":{"minecraft:filled_map":1,"minecraft:spider_eye":1,"magistuarmory:stone_ranseur":1}},"DataVersion":2975}