{"stats":{"minecraft:used":{"minecraft:tropical_fish":5,"minecraft:bread":6,"minecraft:stone_pickaxe":2,"magistuarmory:stone_ranseur":52,"minecraft:wooden_pickaxe":44,"minecraft:stone_axe":10,"minecraft:crafting_table":3,"minecraft:furnace":2,"minecraft:cooked_porkchop":2},"minecraft:custom":{"minecraft:time_since_rest":29215,"lootr:looted_stat":1,"minecraft:interact_with_furnace":6,"champions:champion_mobs_killed":3,"minecraft:sprint_one_cm":73574,"minecraft:walk_one_cm":251405,"minecraft:damage_taken":483,"minecraft:damage_absorbed":10,"minecraft:mob_kills":19,"minecraft:drop":4,"minecraft:damage_dealt":1659,"minecraft:damage_dealt_absorbed":37,"minecraft:swim_one_cm":34700,"minecraft:interact_with_crafting_table":5,"minecraft:fly_one_cm":46957,"minecraft:crouch_one_cm":2547,"minecraft:play_time":29215,"minecraft:sneak_time":202,"minecraft:walk_under_water_one_cm":7997,"minecraft:jump":486,"minecraft:time_since_death":29215,"minecraft:walk_on_water_one_cm":16546,"minecraft:total_world_time":29215,"minecraft:fall_one_cm":3496},"minecraft:crafted":{"minecraft:cooked_porkchop":2,"minecraft:wooden_pickaxe":1,"minecraft:stone_pickaxe":1,"minecraft:air":40},"minecraft:mined":{"minecraft:furnace":2,"treechop:chopped_log":2,"minecraft:crafting_table":2,"minecraft:grass":4,"minecraft:sand":23,"minecraft:tall_grass":2,"minecraft:oak_leaves":1,"farmersdelight:wild_tomatoes":1,"minecraft:spruce_leaves":2,"minecraft:stone":16,"minecraft:moss_block":1,"minecraft:sugar_cane":2,"minecraft:sandstone":20},"minecraft:picked_up":{"minecraft:stick":3,"minecraft:crafting_table":2,"minecraft:sandstone":20,"minecraft:leather":2,"minecraft:filled_map":1,"minecraft:porkchop":2,"paraglider:spirit_orb":1,"minecraft:sand":23,"farmersdelight:tomato_seeds":1,"minecraft:spruce_sapling":3,"minecraft:spruce_log":15,"minecraft:spider_eye":1,"minecraft:rotten_flesh":4,"minecraft:tropical_fish":5,"minecraft:spruce_planks":3,"minecraft:beef":4,"minecraft:light_gray_wool":1,"minecraft:moss_block":1,"magistuarmory:stone_ranseur":2,"minecraft:sugar_cane":6,"minecraft:mutton":10,"minecraft:white_wool":6,"minecraft:cobblestone":16,"minecraft:furnace":2},"minecraft:killed":{"minecraft:sheep":7,"minecraft:pig":2,"minecraft:zombie":2,"minecraft:spider":1,"minecraft:tropical_fish":5,"minecraft:cow":2},"minecraft:dropped":{"minecraft:filled_map":1,"minecraft:spider_eye":1,"magistuarmory:stone_ranseur":2}},"DataVersion":2975}