{"stats":{"minecraft:used":{"minecraft:cooked_mutton":10,"minecraft:tropical_fish":5,"minecraft:stone_pickaxe":41,"magistuarmory:stone_ranseur":84,"minecraft:wooden_pickaxe":44,"minecraft:sandstone":12,"minecraft:torch":5,"minecraft:sand":6,"minecraft:crafting_table":6,"minecraft:carrot":1,"minecraft:white_bed":4,"minecraft:apple":3,"minecraft:bread":9,"minecraft:stone_axe":10,"minecraft:beef":4,"minecraft:sweet_berries":3,"minecraft:furnace":3,"minecraft:cooked_porkchop":2},"minecraft:custom":{"minecraft:interact_with_furnace":12,"lootr:looted_stat":1,"minecraft:mob_kills":26,"minecraft:interact_with_crafting_table":9,"minecraft:time_since_death":77215,"minecraft:sleep_in_bed":3,"minecraft:climb_one_cm":974,"minecraft:time_since_rest":15874,"minecraft:waystone_activated":1,"champions:champion_mobs_killed":10,"minecraft:sprint_one_cm":400561,"minecraft:damage_absorbed":10,"minecraft:damage_taken":1272,"minecraft:walk_one_cm":773454,"minecraft:drop":4,"minecraft:damage_dealt":2961,"minecraft:damage_dealt_absorbed":69,"minecraft:swim_one_cm":36697,"minecraft:fly_one_cm":214124,"minecraft:open_chest":3,"minecraft:crouch_one_cm":4382,"minecraft:play_time":77215,"minecraft:sneak_time":574,"minecraft:walk_under_water_one_cm":9363,"minecraft:jump":1719,"minecraft:walk_on_water_one_cm":26368,"minecraft:total_world_time":77215,"minecraft:fall_one_cm":20323},"minecraft:crafted":{"minecraft:cooked_porkchop":2,"minecraft:crafting_table":1,"minecraft:wooden_pickaxe":1,"minecraft:cooked_mutton":10,"minecraft:air":168,"minecraft:stone_pickaxe":1},"minecraft:picked_up":{"minecraft:crafting_table":2,"minecraft:coarse_dirt":1,"minecraft:leather":2,"minecraft:filled_map":1,"paraglider:spirit_orb":1,"untamedwilds:flora_hemlock":2,"minecraft:dirt":2,"minecraft:bone":2,"minecraft:wheat_seeds":1,"minecraft:spruce_planks":3,"minecraft:beef":4,"minecraft:poppy":1,"minecraft:light_gray_wool":1,"minecraft:sugar_cane":6,"minecraft:moss_block":1,"minecraft:iron_boots":1,"minecraft:furnace":2,"minecraft:stick":3,"minecraft:raw_iron":5,"minecraft:sandstone":20,"minecraft:sweet_berries":3,"minecraft:porkchop":2,"minecraft:sand":23,"farmersdelight:tomato_seeds":1,"minecraft:spruce_sapling":3,"minecraft:white_bed":2,"minecraft:spruce_log":15,"minecraft:carrot":1,"minecraft:spider_eye":1,"immersive_weathering:stone_brick":1,"minecraft:rotten_flesh":7,"minecraft:tropical_fish":5,"minecraft:iron_helmet":1,"minecraft:hay_block":6,"magistuarmory:stone_ranseur":2,"pineapple_delight:pineapple_crop":6,"minecraft:iron_bars":2,"minecraft:mutton":10,"minecraft:coal":8,"minecraft:white_wool":6,"minecraft:cobblestone":27},"minecraft:mined":{"minecraft:podzol":1,"minecraft:white_bed":2,"minecraft:powder_snow":4,"minecraft:crafting_table":2,"minecraft:tall_grass":3,"minecraft:cobblestone":6,"minecraft:spruce_leaves":4,"farmersdelight:wild_tomatoes":1,"minecraft:sugar_cane":2,"minecraft:moss_block":1,"minecraft:sandstone":21,"minecraft:hay_block":6,"minecraft:coarse_dirt":1,"minecraft:furnace":2,"minecraft:iron_ore":2,"minecraft:sweet_berry_bush":1,"treechop:chopped_log":2,"minecraft:grass":4,"minecraft:coal_ore":8,"minecraft:dirt_path":1,"minecraft:deepslate_iron_ore":3,"pineapple_delight:pineapple_wild_crop":6,"minecraft:iron_bars":2,"minecraft:sand":23,"minecraft:stone":21,"minecraft:oak_leaves":8,"minecraft:infested_stone":1},"minecraft:killed":{"minecraft:pig":2,"minecraft:spider":1,"minecraft:sheep":7,"minecraft:zombie":9,"minecraft:tropical_fish":5,"minecraft:cow":2},"minecraft:dropped":{"magistuarmory:stone_ranseur":2,"minecraft:filled_map":1,"minecraft:spider_eye":1}},"DataVersion":2975}