{"stats":{"minecraft:broken":{"minecraft:iron_boots":1},"minecraft:used":{"minecraft:cooked_mutton":10,"epicfight:iron_spear":8,"minecraft:tropical_fish":5,"minecraft:stone_pickaxe":78,"magistuarmory:stone_ranseur":131,"minecraft:shield":15,"minecraft:wooden_pickaxe":44,"minecraft:sandstone":13,"minecraft:torch":34,"minecraft:sand":6,"minecraft:crafting_table":8,"minecraft:carrot":1,"minecraft:white_bed":5,"minecraft:apple":6,"minecraft:bread":24,"minecraft:iron_pickaxe":17,"minecraft:stone_axe":12,"minecraft:beef":4,"minecraft:sweet_berries":3,"minecraft:furnace":5,"minecraft:cooked_porkchop":2,"epicfight:uchigatana":6},"minecraft:crafted":{"minecraft:cooked_porkchop":2,"minecraft:crafting_table":1,"minecraft:wooden_pickaxe":1,"minecraft:cooked_mutton":10,"minecraft:air":186,"minecraft:iron_ingot":5,"minecraft:stone_pickaxe":1},"minecraft:mined":{"minecraft:podzol":1,"minecraft:white_bed":3,"minecraft:powder_snow":4,"minecraft:crafting_table":3,"minecraft:tall_grass":3,"minecraft:cobblestone":6,"minecraft:spruce_leaves":4,"farmersdelight:wild_tomatoes":1,"minecraft:sugar_cane":2,"minecraft:moss_block":1,"minecraft:sandstone":21,"minecraft:chiseled_stone_bricks":2,"minecraft:spawner":7,"minecraft:hay_block":6,"minecraft:coarse_dirt":1,"minecraft:furnace":4,"minecraft:iron_ore":6,"minecraft:sweet_berry_bush":2,"treechop:chopped_log":2,"minecraft:grass":4,"minecraft:bookshelf":2,"minecraft:coal_ore":22,"pineapple_delight:pineapple_wild_crop":6,"minecraft:deepslate_iron_ore":8,"minecraft:dirt_path":1,"minecraft:iron_bars":9,"minecraft:spruce_pressure_plate":2,"minecraft:gravel":1,"minecraft:sand":23,"minecraft:stone":28,"minecraft:polished_andesite":1,"minecraft:oak_leaves":8,"minecraft:infested_stone":1},"minecraft:dropped":{"farmersdelight:tomato_seeds":1,"minecraft:bread":1,"minecraft:moss_block":1,"minecraft:sugar_cane":6,"minecraft:wheat_seeds":1,"minecraft:coarse_dirt":1,"minecraft:iron_helmet":1,"minecraft:rotten_flesh":4,"minecraft:poppy":1,"magistuarmory:stone_ranseur":2,"minecraft:filled_map":1,"minecraft:dirt":2,"minecraft:spider_eye":1,"minecraft:iron_bars":2,"untamedwilds:flora_hemlock":2,"minecraft:spruce_sapling":3},"minecraft:killed_by":{"minecraft:player":1,"minecraft:skeleton":2},"minecraft:killed":{"minecraft:pig":2,"minecraft:spider":3,"minecraft:sheep":7,"minecraft:skeleton":3,"minecraft:zombie":10,"bloodandmadness:beast_patient":1,"minecraft:tropical_fish":5,"minecraft:cow":2},"minecraft:custom":{"minecraft:interact_with_furnace":17,"lootr:looted_stat":19,"minecraft:mob_kills":33,"minecraft:interact_with_crafting_table":19,"minecraft:eat_cake_slice":1,"minecraft:leave_game":3,"minecraft:time_since_death":24451,"minecraft:sleep_in_bed":4,"minecraft:climb_one_cm":1019,"minecraft:time_since_rest":24485,"minecraft:waystone_activated":1,"champions:champion_mobs_killed":16,"minecraft:sprint_one_cm":673862,"minecraft:damage_absorbed":720,"minecraft:damage_taken":2549,"minecraft:walk_one_cm":1257040,"minecraft:damage_blocked_by_shield":1012,"minecraft:drop":29,"minecraft:damage_dealt":5136,"minecraft:damage_dealt_absorbed":117,"minecraft:swim_one_cm":36697,"minecraft:fly_one_cm":294382,"minecraft:player_kills":1,"minecraft:open_chest":3,"minecraft:crouch_one_cm":6696,"minecraft:play_time":131880,"minecraft:deaths":3,"minecraft:sneak_time":824,"minecraft:walk_under_water_one_cm":10492,"minecraft:jump":2532,"minecraft:walk_on_water_one_cm":27036,"minecraft:total_world_time":131880,"minecraft:fall_one_cm":35832},"minecraft:picked_up":{"minecraft:coarse_dirt":1,"dawncraft:crystallized_xp":1,"minecraft:crafting_table":3,"minecraft:leather":2,"minecraft:filled_map":1,"paraglider:spirit_orb":1,"untamedwilds:flora_hemlock":2,"minecraft:dirt":2,"minecraft:bone":5,"bloodandmadness:blood_vial":1,"minecraft:wheat_seeds":1,"minecraft:spruce_planks":3,"minecraft:beef":4,"minecraft:light_gray_wool":1,"minecraft:poppy":1,"minecraft:moss_block":1,"minecraft:sugar_cane":6,"minecraft:furnace":4,"minecraft:iron_boots":1,"minecraft:spruce_pressure_plate":1,"minecraft:stick":3,"minecraft:raw_iron":14,"minecraft:sandstone":20,"minecraft:sweet_berries":3,"minecraft:chiseled_stone_bricks":1,"minecraft:torch":3,"minecraft:porkchop":2,"minecraft:sand":23,"farmersdelight:tomato_seeds":1,"minecraft:spruce_sapling":3,"minecraft:white_bed":3,"minecraft:spruce_log":15,"minecraft:carrot":1,"minecraft:spider_eye":1,"immersive_weathering:stone_brick":2,"minecraft:rotten_flesh":8,"minecraft:arrow":4,"minecraft:tropical_fish":5,"minecraft:iron_helmet":2,"minecraft:hay_block":6,"minecraft:bread":1,"pineapple_delight:pineapple_crop":6,"magistuarmory:stone_ranseur":2,"minecraft:mutton":10,"minecraft:iron_bars":9,"minecraft:coal":22,"minecraft:white_wool":6,"minecraft:cobblestone":33}},"DataVersion":2975}