{"stats":{"minecraft:broken":{"minecraft:iron_boots":1},"minecraft:used":{"minecraft:cooked_mutton":10,"minecraft:stone_sword":30,"epicfight:iron_spear":8,"minecraft:tropical_fish":5,"minecraft:stone_pickaxe":78,"magistuarmory:stone_ranseur":131,"minecraft:shield":22,"minecraft:wooden_pickaxe":44,"minecraft:sandstone":13,"minecraft:torch":41,"minecraft:sand":6,"minecraft:crafting_table":8,"minecraft:carrot":1,"minecraft:white_bed":5,"minecraft:apple":6,"minecraft:bread":26,"minecraft:iron_pickaxe":24,"minecraft:potion":2,"minecraft:stone_axe":12,"minecraft:beef":4,"minecraft:sweet_berries":3,"minecraft:furnace":5,"minecraft:cooked_porkchop":2,"minecraft:potato":11,"epicfight:uchigatana":21},"minecraft:crafted":{"minecraft:cooked_porkchop":2,"minecraft:crafting_table":1,"minecraft:wooden_pickaxe":1,"minecraft:cooked_mutton":10,"minecraft:air":186,"minecraft:iron_ingot":5,"minecraft:stone_pickaxe":1},"minecraft:mined":{"minecraft:podzol":1,"minecraft:white_bed":3,"minecraft:powder_snow":4,"minecraft:crafting_table":3,"minecraft:tall_grass":3,"minecraft:cobblestone":6,"minecraft:spruce_leaves":4,"farmersdelight:wild_tomatoes":1,"minecraft:sugar_cane":2,"minecraft:moss_block":1,"minecraft:sandstone":21,"minecraft:chiseled_stone_bricks":3,"minecraft:spawner":11,"minecraft:hay_block":6,"minecraft:coarse_dirt":1,"minecraft:furnace":4,"minecraft:iron_ore":6,"minecraft:sweet_berry_bush":2,"treechop:chopped_log":2,"minecraft:grass":4,"minecraft:bookshelf":2,"minecraft:coal_ore":22,"pineapple_delight:pineapple_wild_crop":6,"minecraft:deepslate_iron_ore":8,"minecraft:dirt_path":1,"minecraft:iron_bars":11,"minecraft:spruce_pressure_plate":2,"minecraft:gravel":1,"minecraft:sand":23,"minecraft:stone":28,"minecraft:polished_andesite":1,"minecraft:oak_leaves":8,"minecraft:infested_stone":1},"minecraft:dropped":{"farmersdelight:tomato_seeds":1,"minecraft:bread":1,"minecraft:moss_block":1,"minecraft:sugar_cane":6,"minecraft:wheat_seeds":1,"minecraft:coarse_dirt":1,"minecraft:iron_helmet":1,"minecraft:rotten_flesh":4,"minecraft:poppy":1,"magistuarmory:stone_ranseur":2,"minecraft:filled_map":1,"minecraft:dirt":2,"minecraft:spider_eye":1,"minecraft:iron_bars":2,"untamedwilds:flora_hemlock":2,"minecraft:spruce_sapling":3},"minecraft:killed_by":{"minecraft:player":1,"minecraft:skeleton":2},"minecraft:killed":{"minecraft:pig":2,"minecraft:spider":6,"majruszsdifficulty:cursed_armor":1,"minecraft:sheep":7,"minecraft:skeleton":6,"minecraft:zombie":11,"bloodandmadness:beast_patient":1,"minecraft:tropical_fish":5,"minecraft:cow":2},"minecraft:custom":{"minecraft:interact_with_furnace":17,"lootr:looted_stat":33,"minecraft:mob_kills":41,"minecraft:interact_with_crafting_table":20,"minecraft:eat_cake_slice":1,"minecraft:damage_resisted":23,"minecraft:leave_game":3,"minecraft:time_since_death":36451,"minecraft:sleep_in_bed":4,"minecraft:climb_one_cm":1019,"minecraft:time_since_rest":36485,"minecraft:waystone_activated":1,"champions:champion_mobs_killed":24,"minecraft:sprint_one_cm":745616,"minecraft:damage_absorbed":720,"minecraft:damage_taken":2939,"minecraft:walk_one_cm":1412586,"minecraft:damage_blocked_by_shield":1294,"minecraft:drop":29,"minecraft:damage_dealt":7341,"minecraft:damage_dealt_absorbed":117,"minecraft:swim_one_cm":36697,"minecraft:fly_one_cm":298454,"minecraft:player_kills":1,"minecraft:open_chest":3,"minecraft:crouch_one_cm":6696,"minecraft:play_time":143880,"minecraft:deaths":3,"minecraft:sneak_time":827,"minecraft:walk_under_water_one_cm":10492,"minecraft:jump":2552,"minecraft:walk_on_water_one_cm":27036,"minecraft:total_world_time":143880,"minecraft:fall_one_cm":36672},"minecraft:picked_up":{"minecraft:coarse_dirt":1,"dawncraft:crystallized_xp":1,"minecraft:crafting_table":3,"minecraft:leather":2,"minecraft:filled_map":1,"paraglider:spirit_orb":1,"untamedwilds:flora_hemlock":2,"minecraft:string":3,"minecraft:dirt":2,"minecraft:bone":7,"bloodandmadness:blood_vial":1,"minecraft:wheat_seeds":1,"minecraft:spruce_planks":3,"minecraft:beef":4,"minecraft:light_gray_wool":1,"minecraft:poppy":1,"minecraft:moss_block":1,"minecraft:sugar_cane":6,"minecraft:furnace":4,"minecraft:iron_boots":1,"minecraft:spruce_pressure_plate":1,"minecraft:stick":3,"minecraft:raw_iron":14,"minecraft:sandstone":20,"minecraft:sweet_berries":3,"minecraft:chiseled_stone_bricks":2,"minecraft:torch":4,"minecraft:porkchop":2,"minecraft:sand":23,"farmersdelight:tomato_seeds":1,"minecraft:spruce_sapling":3,"minecraft:white_bed":3,"minecraft:spruce_log":15,"minecraft:carrot":1,"minecraft:spider_eye":2,"immersive_weathering:stone_brick":2,"minecraft:rotten_flesh":8,"minecraft:arrow":7,"minecraft:tropical_fish":5,"minecraft:iron_helmet":3,"minecraft:hay_block":6,"minecraft:bread":1,"pineapple_delight:pineapple_crop":6,"magistuarmory:stone_ranseur":2,"minecraft:mutton":10,"minecraft:iron_bars":11,"minecraft:coal":22,"minecraft:white_wool":6,"minecraft:cobblestone":33}},"DataVersion":2975}