{"stats":{"minecraft:used":{"minecraft:cooked_mutton":10,"minecraft:tropical_fish":5,"minecraft:stone_pickaxe":66,"magistuarmory:stone_ranseur":89,"minecraft:wooden_pickaxe":44,"minecraft:sandstone":13,"minecraft:torch":5,"minecraft:sand":6,"minecraft:crafting_table":7,"minecraft:carrot":1,"minecraft:white_bed":5,"minecraft:apple":3,"minecraft:bread":14,"minecraft:stone_axe":10,"minecraft:beef":4,"minecraft:sweet_berries":3,"minecraft:furnace":4,"minecraft:cooked_porkchop":2},"minecraft:custom":{"minecraft:interact_with_furnace":16,"lootr:looted_stat":1,"minecraft:mob_kills":26,"minecraft:interact_with_crafting_table":12,"minecraft:time_since_death":11577,"minecraft:sleep_in_bed":4,"minecraft:climb_one_cm":974,"minecraft:time_since_rest":8385,"minecraft:waystone_activated":1,"champions:champion_mobs_killed":10,"minecraft:sprint_one_cm":448928,"minecraft:damage_absorbed":10,"minecraft:damage_taken":1674,"minecraft:walk_one_cm":878812,"minecraft:drop":7,"minecraft:damage_dealt":3136,"minecraft:damage_dealt_absorbed":74,"minecraft:swim_one_cm":36697,"minecraft:fly_one_cm":244166,"minecraft:open_chest":3,"minecraft:crouch_one_cm":4407,"minecraft:play_time":89215,"minecraft:deaths":1,"minecraft:sneak_time":584,"minecraft:walk_under_water_one_cm":10492,"minecraft:jump":2068,"minecraft:walk_on_water_one_cm":27036,"minecraft:total_world_time":89215,"minecraft:fall_one_cm":23429},"minecraft:crafted":{"minecraft:cooked_porkchop":2,"minecraft:crafting_table":1,"minecraft:wooden_pickaxe":1,"minecraft:cooked_mutton":10,"minecraft:air":177,"minecraft:iron_ingot":5,"minecraft:stone_pickaxe":1},"minecraft:picked_up":{"minecraft:crafting_table":3,"minecraft:coarse_dirt":1,"minecraft:leather":2,"minecraft:filled_map":1,"paraglider:spirit_orb":1,"untamedwilds:flora_hemlock":2,"minecraft:dirt":2,"minecraft:bone":2,"minecraft:wheat_seeds":1,"minecraft:spruce_planks":3,"minecraft:beef":4,"minecraft:poppy":1,"minecraft:light_gray_wool":1,"minecraft:sugar_cane":6,"minecraft:moss_block":1,"minecraft:iron_boots":1,"minecraft:furnace":4,"minecraft:stick":3,"minecraft:raw_iron":9,"minecraft:sandstone":20,"minecraft:sweet_berries":3,"minecraft:porkchop":2,"minecraft:sand":23,"farmersdelight:tomato_seeds":1,"minecraft:spruce_sapling":3,"minecraft:white_bed":3,"minecraft:spruce_log":15,"minecraft:carrot":1,"minecraft:spider_eye":1,"immersive_weathering:stone_brick":1,"minecraft:rotten_flesh":7,"minecraft:tropical_fish":5,"minecraft:iron_helmet":1,"minecraft:hay_block":6,"minecraft:bread":1,"magistuarmory:stone_ranseur":2,"pineapple_delight:pineapple_crop":6,"minecraft:iron_bars":2,"minecraft:mutton":10,"minecraft:coal":18,"minecraft:white_wool":6,"minecraft:cobblestone":33},"minecraft:mined":{"minecraft:podzol":1,"minecraft:white_bed":3,"minecraft:powder_snow":4,"minecraft:crafting_table":3,"minecraft:tall_grass":3,"minecraft:cobblestone":6,"minecraft:spruce_leaves":4,"farmersdelight:wild_tomatoes":1,"minecraft:sugar_cane":2,"minecraft:moss_block":1,"minecraft:sandstone":21,"minecraft:hay_block":6,"minecraft:coarse_dirt":1,"minecraft:furnace":4,"minecraft:iron_ore":6,"minecraft:sweet_berry_bush":2,"treechop:chopped_log":2,"minecraft:grass":4,"minecraft:coal_ore":18,"minecraft:dirt_path":1,"minecraft:deepslate_iron_ore":3,"pineapple_delight:pineapple_wild_crop":6,"minecraft:iron_bars":2,"minecraft:gravel":1,"minecraft:sand":23,"minecraft:stone":27,"minecraft:oak_leaves":8,"minecraft:infested_stone":1},"minecraft:killed":{"minecraft:pig":2,"minecraft:spider":1,"minecraft:sheep":7,"minecraft:zombie":9,"minecraft:tropical_fish":5,"minecraft:cow":2},"minecraft:dropped":{"minecraft:bread":1,"minecraft:coarse_dirt":1,"magistuarmory:stone_ranseur":2,"minecraft:dirt":2,"minecraft:filled_map":1,"minecraft:spider_eye":1},"minecraft:killed_by":{"minecraft:skeleton":1}},"DataVersion":2975}