{"stats":{"minecraft:broken":{"minecraft:iron_boots":1},"minecraft:used":{"minecraft:stone_sword":78,"minecraft:tropical_fish":5,"magistuarmory:stone_ranseur":131,"minecraft:shield":35,"farmersdelight:cabbage":1,"minecraft:torch":61,"minecraft:carrot":10,"minecraft:beef":4,"minecraft:sweet_berries":3,"minecraft:furnace":5,"minecraft:cooked_beef":5,"minecraft:potato":19,"minecraft:cooked_mutton":10,"epicfight:iron_spear":8,"minecraft:stone_pickaxe":78,"minecraft:wooden_pickaxe":44,"minecraft:sandstone":13,"minecraft:golden_apple":1,"minecraft:sand":6,"minecraft:crafting_table":8,"minecraft:white_bed":5,"minecraft:apple":6,"minecraft:bread":26,"minecraft:iron_pickaxe":35,"minecraft:stone_axe":12,"minecraft:potion":2,"minecraft:cooked_porkchop":2,"epicfight:uchigatana":21},"minecraft:crafted":{"minecraft:cooked_mutton":10,"minecraft:stone_pickaxe":1,"minecraft:cooked_porkchop":2,"minecraft:crafting_table":1,"minecraft:wooden_pickaxe":1,"minecraft:air":186,"minecraft:iron_ingot":5},"minecraft:mined":{"minecraft:white_bed":3,"minecraft:spruce_leaves":4,"minecraft:moss_block":1,"minecraft:sandstone":21,"minecraft:spawner":19,"minecraft:chiseled_stone_bricks":3,"minecraft:hay_block":6,"minecraft:furnace":4,"minecraft:carrots":1,"minecraft:iron_ore":6,"treechop:chopped_log":2,"minecraft:bookshelf":2,"minecraft:dirt_path":1,"minecraft:deepslate_iron_ore":8,"pineapple_delight:pineapple_wild_crop":6,"minecraft:iron_bars":13,"minecraft:spruce_pressure_plate":2,"minecraft:stone":28,"minecraft:podzol":1,"minecraft:powder_snow":4,"minecraft:crafting_table":3,"farmersdelight:cabbages":1,"minecraft:tall_grass":3,"minecraft:cobblestone":6,"farmersdelight:wild_tomatoes":1,"minecraft:sugar_cane":2,"minecraft:wall_torch":1,"minecraft:coarse_dirt":1,"minecraft:sweet_berry_bush":2,"minecraft:pumpkin_stem":1,"minecraft:grass":4,"minecraft:coal_ore":22,"minecraft:gravel":1,"minecraft:sand":23,"minecraft:polished_andesite":1,"hexerei:sage_crop":1,"minecraft:oak_leaves":8,"minecraft:infested_stone":1},"minecraft:dropped":{"farmersdelight:tomato_seeds":1,"minecraft:bread":1,"minecraft:moss_block":1,"minecraft:wheat_seeds":1,"minecraft:glass_bottle":1,"minecraft:iron_helmet":2,"magistuarmory:stone_ranseur":2,"minecraft:dirt":2,"minecraft:spruce_sapling":3,"hexerei:sage":4,"minecraft:stone_axe":1,"minecraft:sugar_cane":6,"minecraft:coarse_dirt":1,"minecraft:rotten_flesh":4,"minecraft:filled_map":1,"minecraft:poppy":1,"minecraft:spider_eye":1,"minecraft:iron_bars":2,"untamedwilds:flora_hemlock":2},"minecraft:killed_by":{"minecraft:player":1,"minecraft:skeleton":2},"minecraft:killed":{"minecraft:cave_spider":1,"minecraft:spider":8,"minecraft:skeleton":11,"bloodandmadness:beast_patient":1,"minecraft:silverfish":1,"minecraft:tropical_fish":5,"minecraft:pig":2,"dannys_expansion:floam":1,"majruszsdifficulty:cursed_armor":1,"minecraft:sheep":7,"minecraft:zombie":13,"minecraft:stray":2,"minecraft:cow":2},"minecraft:custom":{"lootr:looted_stat":43,"minecraft:mob_kills":56,"minecraft:interact_with_crafting_table":20,"minecraft:eat_cake_slice":4,"minecraft:leave_game":3,"minecraft:time_since_death":4289,"minecraft:climb_one_cm":1019,"minecraft:damage_resisted":28,"minecraft:sprint_one_cm":944465,"champions:champion_mobs_killed":37,"minecraft:walk_one_cm":1610810,"minecraft:damage_blocked_by_shield":1836,"minecraft:drop":35,"minecraft:damage_dealt_absorbed":117,"minecraft:play_time":161880,"minecraft:sneak_time":834,"minecraft:deaths":4,"minecraft:walk_under_water_one_cm":10492,"minecraft:jump":2585,"minecraft:walk_on_water_one_cm":27036,"minecraft:total_world_time":161880,"minecraft:interact_with_furnace":17,"minecraft:sleep_in_bed":4,"minecraft:time_since_rest":4336,"minecraft:waystone_activated":1,"minecraft:damage_taken":3464,"minecraft:damage_absorbed":720,"minecraft:damage_dealt":10145,"minecraft:swim_one_cm":36697,"minecraft:fly_one_cm":301859,"minecraft:player_kills":1,"minecraft:open_chest":3,"minecraft:crouch_one_cm":6696,"minecraft:fall_one_cm":37688},"minecraft:picked_up":{"minecraft:crafting_table":3,"minecraft:coarse_dirt":1,"dawncraft:crystallized_xp":1,"minecraft:enchanted_book":1,"untamedwilds:flora_hemlock":2,"minecraft:string":5,"minecraft:iron_axe":1,"minecraft:iron_leggings":1,"bloodandmadness:blood_vial":1,"farmersdelight:cabbage":1,"minecraft:spruce_planks":3,"minecraft:beef":4,"minecraft:poppy":1,"minecraft:light_gray_wool":1,"minecraft:sugar_cane":6,"farmersdelight:cabbage_seeds":1,"minecraft:iron_boots":2,"minecraft:furnace":4,"minecraft:spruce_pressure_plate":1,"minecraft:raw_iron":14,"minecraft:stick":3,"minecraft:sandstone":20,"apotheosis:gem":1,"minecraft:torch":5,"minecraft:porkchop":2,"farmersdelight:tomato_seeds":1,"minecraft:carrot":4,"hexerei:sage_seed":2,"minecraft:arrow":16,"minecraft:rotten_flesh":8,"minecraft:tropical_fish":5,"minecraft:hay_block":6,"magistuarmory:stone_ranseur":2,"minecraft:mutton":10,"minecraft:iron_bars":11,"minecraft:white_wool":6,"minecraft:cobblestone":33,"minecraft:leather":2,"minecraft:filled_map":1,"paraglider:spirit_orb":1,"minecraft:dirt":2,"minecraft:bone":16,"minecraft:bow":1,"minecraft:wheat_seeds":1,"minecraft:moss_block":1,"irons_spellbooks:frozen_bone":6,"minecraft:sweet_berries":3,"minecraft:chiseled_stone_bricks":2,"minecraft:sand":23,"hexerei:sage":4,"minecraft:spruce_sapling":3,"minecraft:white_bed":3,"minecraft:spruce_log":15,"minecraft:spider_eye":2,"immersive_weathering:stone_brick":2,"minecraft:stone_axe":1,"minecraft:iron_helmet":4,"minecraft:bread":1,"pineapple_delight:pineapple_crop":6,"minecraft:coal":22}},"DataVersion":2975}