{"stats":{"minecraft:used":{"minecraft:cooked_mutton":2,"minecraft:tropical_fish":5,"minecraft:stone_pickaxe":32,"magistuarmory:stone_ranseur":52,"minecraft:wooden_pickaxe":44,"minecraft:crafting_table":4,"minecraft:white_bed":1,"minecraft:bread":6,"minecraft:stone_axe":10,"minecraft:beef":4,"minecraft:furnace":3,"minecraft:cooked_porkchop":2},"minecraft:custom":{"minecraft:interact_with_furnace":10,"lootr:looted_stat":1,"minecraft:mob_kills":19,"minecraft:interact_with_crafting_table":6,"minecraft:time_since_death":41215,"minecraft:sleep_in_bed":1,"minecraft:climb_one_cm":950,"minecraft:time_since_rest":337,"champions:champion_mobs_killed":3,"minecraft:sprint_one_cm":166183,"minecraft:damage_absorbed":10,"minecraft:damage_taken":603,"minecraft:walk_one_cm":380270,"minecraft:drop":4,"minecraft:damage_dealt":1659,"minecraft:damage_dealt_absorbed":37,"minecraft:swim_one_cm":36697,"minecraft:fly_one_cm":95852,"minecraft:crouch_one_cm":3699,"minecraft:play_time":41215,"minecraft:sneak_time":490,"minecraft:walk_under_water_one_cm":8968,"minecraft:jump":819,"minecraft:walk_on_water_one_cm":21339,"minecraft:total_world_time":41215,"minecraft:fall_one_cm":7555},"minecraft:crafted":{"minecraft:cooked_porkchop":2,"minecraft:wooden_pickaxe":1,"minecraft:cooked_mutton":8,"minecraft:air":41,"minecraft:stone_pickaxe":1},"minecraft:mined":{"minecraft:crafting_table":2,"minecraft:tall_grass":3,"minecraft:cobblestone":6,"minecraft:spruce_leaves":2,"farmersdelight:wild_tomatoes":1,"minecraft:sugar_cane":2,"minecraft:moss_block":1,"minecraft:sandstone":20,"minecraft:hay_block":6,"minecraft:coarse_dirt":1,"minecraft:furnace":2,"minecraft:iron_ore":2,"treechop:chopped_log":2,"minecraft:grass":4,"minecraft:coal_ore":8,"pineapple_delight:pineapple_wild_crop":6,"minecraft:sand":23,"minecraft:stone":21,"minecraft:oak_leaves":1,"minecraft:infested_stone":1},"minecraft:picked_up":{"minecraft:crafting_table":2,"minecraft:coarse_dirt":1,"minecraft:leather":2,"minecraft:filled_map":1,"paraglider:spirit_orb":1,"untamedwilds:flora_hemlock":2,"minecraft:spruce_planks":3,"minecraft:beef":4,"minecraft:light_gray_wool":1,"minecraft:sugar_cane":6,"minecraft:moss_block":1,"minecraft:furnace":2,"minecraft:stick":3,"minecraft:raw_iron":2,"minecraft:sandstone":20,"minecraft:porkchop":2,"minecraft:sand":23,"farmersdelight:tomato_seeds":1,"minecraft:spruce_sapling":3,"minecraft:spruce_log":15,"minecraft:spider_eye":1,"minecraft:rotten_flesh":4,"minecraft:tropical_fish":5,"minecraft:hay_block":6,"magistuarmory:stone_ranseur":2,"pineapple_delight:pineapple_crop":6,"minecraft:mutton":10,"minecraft:coal":8,"minecraft:white_wool":6,"minecraft:cobblestone":27},"minecraft:killed":{"minecraft:pig":2,"minecraft:spider":1,"minecraft:sheep":7,"minecraft:zombie":2,"minecraft:tropical_fish":5,"minecraft:cow":2},"minecraft:dropped":{"magistuarmory:stone_ranseur":2,"minecraft:filled_map":1,"minecraft:spider_eye":1}},"DataVersion":2975}