{"stats":{"minecraft:used":{"minecraft:dark_oak_stairs":1,"minecraft:stone_sword":97,"minecraft:iron_shovel":7,"minecraft:orange_concrete":4,"minecraft:stone_pickaxe":35,"minecraft:spruce_planks":5,"minecraft:wooden_pickaxe":58,"minecraft:torch":12,"minecraft:sand":1,"quark:azalea_planks":24,"minecraft:crafting_table":5,"minecraft:light_gray_terracotta":3,"minecraft:orange_wool":1,"ecologics:prickly_pear":5,"minecraft:granite":2,"minecraft:spruce_log":2,"minecraft:wooden_axe":32,"minecraft:apple":3,"minecraft:iron_axe":32,"minecraft:melon_slice":10,"minecraft:bread":11,"minecraft:iron_pickaxe":31,"minecraft:cyan_concrete":11,"minecraft:pumpkin_pie":7,"minecraft:cooked_beef":1,"minecraft:acacia_planks":8,"epicfight:uchigatana":27},"minecraft:killed":{"minecraft:skeleton":5,"monsterplus:glow_skeleton":3,"minecraft:pillager":1,"minecraft:drowned":1,"goblintraders:goblin_trader":1},"minecraft:crafted":{"minecraft:crafting_table":2,"minecraft:spruce_planks":44,"minecraft:air":58,"minecraft:iron_pickaxe":1,"minecraft:stick":8,"minecraft:stone_pickaxe":1,"minecraft:acacia_planks":4,"minecraft:torch":4},"minecraft:dropped":{"minecraft:red_concrete_powder":2,"minecraft:coarse_dirt":4,"minecraft:light_gray_terracotta":1,"minecraft:crafting_table":1,"minecraft:yellow_terracotta":2,"minecraft:granite":5,"minecraft:white_terracotta":3,"minecraft:red_terracotta":2,"minecraft:orange_terracotta":8,"minecraft:spruce_planks":1,"minecraft:azalea":1,"pineapple_delight:pineapple_crop":1,"minecraft:rose_bush":4,"apotheosis:gem":1,"minecraft:green_carpet":1,"minecraft:slime_ball":1,"minecraft:sunflower":1,"minecraft:flowering_azalea":1,"minecraft:sand":2,"minecraft:blue_orchid":2,"minecraft:cactus":2,"minecraft:spruce_sapling":4,"minecraft:terracotta":12},"minecraft:mined":{"create:zinc_ore":3,"minecraft:dark_oak_planks":2,"minecraft:yellow_terracotta":2,"create:deepslate_zinc_ore":2,"minecraft:acacia_leaves":1,"minecraft:spruce_planks":2,"minecraft:blackstone":1,"minecraft:orange_terracotta":8,"minecraft:orange_wool":1,"minecraft:crafting_table":4,"minecraft:glow_lichen":2,"minecraft:light_gray_terracotta":4,"minecraft:granite":11,"minecraft:acacia_log":3,"minecraft:jungle_planks":4,"minecraft:melon":2,"minecraft:dead_bush":1,"minecraft:rose_bush":1,"minecraft:copper_ore":2,"minecraft:cobblestone":2,"minecraft:tall_grass":2,"minecraft:lapis_ore":3,"minecraft:red_concrete":3,"supplementaries:urn":1,"minecraft:red_terracotta":1,"minecraft:white_terracotta":1,"minecraft:coarse_dirt":4,"minecraft:spruce_stairs":1,"minecraft:orange_concrete":4,"minecraft:red_concrete_powder":1,"minecraft:iron_ore":4,"minecraft:deepslate_lapis_ore":1,"treechop:chopped_log":3,"minecraft:dark_oak_stairs":2,"minecraft:grass":3,"minecraft:coal_ore":21,"minecraft:cyan_concrete":3,"pineapple_delight:pineapple_wild_crop":1,"minecraft:sunflower":1,"minecraft:cyan_carpet":2,"minecraft:sand":2,"minecraft:terracotta":6,"create:crimsite":13,"minecraft:stone":19,"minecraft:bone_block":1,"minecraft:player_head":1,"minecraft:deepslate":1},"minecraft:broken":{"minecraft:wooden_pickaxe":1},"minecraft:killed_by":{"minecraft:skeleton":5,"minecraft:drowned":1,"monsterplus:glow_skeleton":1},"minecraft:custom":{"lootr:looted_stat":8,"minecraft:mob_kills":11,"minecraft:interact_with_crafting_table":9,"minecraft:time_since_death":2590,"minecraft:climb_one_cm":1194,"minecraft:time_since_rest":3049,"champions:champion_mobs_killed":10,"minecraft:sprint_one_cm":249146,"minecraft:walk_one_cm":338948,"minecraft:damage_taken":2802,"minecraft:damage_absorbed":6,"minecraft:drop":33,"minecraft:damage_dealt":2684,"minecraft:swim_one_cm":61407,"minecraft:damage_dealt_absorbed":54,"minecraft:player_kills":2,"minecraft:fly_one_cm":323620,"minecraft:open_chest":4,"minecraft:crouch_one_cm":2459,"minecraft:play_time":75804,"minecraft:sneak_time":562,"minecraft:deaths":7,"minecraft:walk_under_water_one_cm":21636,"minecraft:jump":1459,"minecraft:walk_on_water_one_cm":78308,"minecraft:total_world_time":75804,"minecraft:fall_one_cm":31467},"minecraft:picked_up":{"minecraft:coarse_dirt":4,"minecraft:crafting_table":4,"minecraft:cooked_beef":1,"minecraft:glow_ink_sac":1,"create:raw_zinc":5,"quark:azalea_log":6,"minecraft:lapis_lazuli":29,"minecraft:raw_copper":2,"minecraft:orange_concrete":4,"minecraft:orange_terracotta":8,"minecraft:iron_leggings":1,"minecraft:bone":11,"minecraft:apple":3,"minecraft:spruce_planks":2,"minecraft:rose_bush":4,"minecraft:player_head":1,"minecraft:azalea":1,"minecraft:glowstone_dust":1,"minecraft:melon_slice":10,"minecraft:cyan_concrete":11,"minecraft:flowering_azalea":1,"minecraft:dark_oak_stairs":1,"minecraft:raw_iron":4,"minecraft:stick":2,"apotheosis:gem":1,"minecraft:red_concrete_powder":2,"bygonenether:cobbled_blackstone":1,"ecologics:prickly_pear":5,"minecraft:acacia_log":3,"minecraft:sand":1,"minecraft:spectral_arrow":1,"minecraft:spruce_sapling":4,"minecraft:spruce_log":13,"minecraft:green_carpet":1,"minecraft:red_terracotta":2,"minecraft:orange_wool":1,"minecraft:dark_oak_planks":2,"create:crimsite":8,"minecraft:light_gray_terracotta":4,"minecraft:cactus":2,"minecraft:arrow":10,"minecraft:granite":14,"minecraft:yellow_terracotta":2,"minecraft:white_terracotta":3,"minecraft:terracotta":12,"pineapple_delight:pineapple_crop":1,"minecraft:coal":21,"minecraft:cobblestone":23,"minecraft:sunflower":1}},"DataVersion":2975}