{"stats":{"minecraft:crafted":{"minecraft:stick":4,"minecraft:acacia_planks":12,"minecraft:air":3},"minecraft:custom":{"minecraft:time_since_rest":4999,"champions:champion_mobs_killed":2,"minecraft:sprint_one_cm":47025,"minecraft:damage_absorbed":53,"minecraft:damage_taken":674,"minecraft:walk_one_cm":131093,"minecraft:mob_kills":13,"minecraft:damage_dealt":1390,"minecraft:interact_with_crafting_table":1,"minecraft:swim_one_cm":1149,"minecraft:fly_one_cm":180570,"minecraft:crouch_one_cm":120,"minecraft:play_time":14389,"minecraft:deaths":1,"minecraft:sneak_time":18,"minecraft:walk_under_water_one_cm":82,"minecraft:jump":557,"minecraft:time_since_death":4914,"minecraft:walk_on_water_one_cm":8649,"minecraft:total_world_time":14389,"minecraft:climb_one_cm":628,"minecraft:fall_one_cm":12481},"minecraft:killed":{"dannys_expansion:mundane_slime":2,"minecraft:pig":9,"untamedwilds:boar":1},"minecraft:picked_up":{"hexerei:animal_fat":2,"minecraft:stick":3,"minecraft:leather":1,"minecraft:acacia_wood":10,"minecraft:porkchop":13,"minecraft:cornflower":2,"hexerei:sage_seed":2,"dannys_expansion:gel":1,"minecraft:bone":1,"untamedwilds:material_fat":1,"minecraft:wheat_seeds":2,"minecraft:acacia_sapling":4},"minecraft:killed_by":{"untamedwilds:bison":1},"minecraft:mined":{"immersive_weathering:acacia_leaf_pile":1,"minecraft:fire":4,"treechop:chopped_log":1,"minecraft:cornflower":2,"minecraft:grass":17,"minecraft:tall_grass":13,"minecraft:stone":1,"minecraft:fern":3},"minecraft:used":{"minecraft:bread":6,"minecraft:wooden_pickaxe":1,"minecraft:crafting_table":1,"minecraft:porkchop":5,"epicfight:uchigatana":80}},"DataVersion":2975}