{"stats":{"minecraft:used":{"minecraft:dark_oak_stairs":1,"minecraft:stone_sword":54,"minecraft:orange_concrete":4,"minecraft:spruce_planks":5,"minecraft:wooden_pickaxe":20,"minecraft:sand":1,"quark:azalea_planks":24,"minecraft:crafting_table":3,"minecraft:light_gray_terracotta":3,"minecraft:orange_wool":1,"ecologics:prickly_pear":5,"minecraft:wooden_axe":11,"minecraft:iron_axe":32,"minecraft:melon_slice":10,"minecraft:bread":11,"minecraft:cyan_concrete":5,"minecraft:pumpkin_pie":7,"minecraft:cooked_beef":1,"minecraft:acacia_planks":8,"epicfight:uchigatana":27},"minecraft:killed":{"minecraft:skeleton":5,"minecraft:pillager":1,"minecraft:drowned":1},"minecraft:crafted":{"minecraft:crafting_table":1,"minecraft:spruce_planks":20,"minecraft:air":47,"minecraft:stick":4,"minecraft:acacia_planks":4},"minecraft:dropped":{"minecraft:crafting_table":1,"minecraft:green_carpet":1},"minecraft:mined":{"minecraft:dark_oak_planks":2,"minecraft:yellow_terracotta":1,"minecraft:orange_wool":1,"minecraft:crafting_table":2,"minecraft:glow_lichen":1,"minecraft:light_gray_terracotta":3,"minecraft:acacia_log":3,"minecraft:jungle_planks":4,"minecraft:melon":2,"minecraft:rose_bush":1,"minecraft:cobblestone":2,"minecraft:tall_grass":2,"minecraft:orange_concrete":4,"treechop:chopped_log":2,"minecraft:dark_oak_stairs":2,"minecraft:grass":2,"minecraft:cyan_concrete":3,"pineapple_delight:pineapple_wild_crop":1,"minecraft:sunflower":1,"minecraft:cyan_carpet":2,"minecraft:sand":1,"minecraft:stone":4,"minecraft:bone_block":1,"minecraft:player_head":1},"minecraft:killed_by":{"minecraft:skeleton":2,"minecraft:drowned":1},"minecraft:custom":{"lootr:looted_stat":8,"minecraft:mob_kills":7,"minecraft:interact_with_crafting_table":7,"minecraft:time_since_death":1143,"minecraft:climb_one_cm":1194,"minecraft:time_since_rest":1178,"champions:champion_mobs_killed":7,"minecraft:sprint_one_cm":154281,"minecraft:walk_one_cm":214431,"minecraft:damage_taken":1991,"minecraft:damage_absorbed":6,"minecraft:drop":2,"minecraft:damage_dealt":1685,"minecraft:swim_one_cm":59173,"minecraft:damage_dealt_absorbed":54,"minecraft:player_kills":2,"minecraft:fly_one_cm":238000,"minecraft:open_chest":4,"minecraft:crouch_one_cm":1893,"minecraft:play_time":51804,"minecraft:sneak_time":460,"minecraft:deaths":3,"minecraft:walk_under_water_one_cm":19949,"minecraft:jump":1084,"minecraft:walk_on_water_one_cm":60322,"minecraft:total_world_time":51804,"minecraft:fall_one_cm":26658},"minecraft:picked_up":{"minecraft:crafting_table":2,"minecraft:cooked_beef":1,"quark:azalea_log":6,"minecraft:orange_concrete":4,"minecraft:iron_leggings":1,"minecraft:bone":2,"minecraft:rose_bush":2,"minecraft:player_head":1,"minecraft:azalea":1,"minecraft:melon_slice":10,"minecraft:cyan_concrete":11,"minecraft:flowering_azalea":1,"minecraft:dark_oak_stairs":1,"minecraft:stick":2,"apotheosis:gem":1,"ecologics:prickly_pear":5,"minecraft:acacia_log":3,"minecraft:spruce_sapling":1,"minecraft:spruce_log":7,"minecraft:green_carpet":1,"minecraft:orange_wool":1,"minecraft:dark_oak_planks":2,"minecraft:light_gray_terracotta":3,"minecraft:cactus":2,"minecraft:arrow":3,"pineapple_delight:pineapple_crop":1,"minecraft:cobblestone":8,"minecraft:sunflower":1}},"DataVersion":2975}