{"stats":{"minecraft:used":{"minecraft:beetroot":1,"minecraft:stone_sword":120,"minecraft:iron_shovel":7,"minecraft:orange_concrete":4,"minecraft:spruce_planks":5,"minecraft:torch":12,"minecraft:orange_wool":1,"ecologics:prickly_pear":5,"minecraft:granite":2,"minecraft:wooden_axe":34,"minecraft:iron_axe":32,"minecraft:sweet_berries":4,"minecraft:cooked_beef":1,"minecraft:acacia_planks":8,"minecraft:beetroot_soup":1,"minecraft:dark_oak_stairs":1,"minecraft:stone_pickaxe":35,"minecraft:ender_pearl":3,"minecraft:wooden_pickaxe":58,"minecraft:sand":1,"quark:azalea_planks":24,"minecraft:crafting_table":6,"minecraft:light_gray_terracotta":3,"minecraft:spruce_log":2,"minecraft:apple":3,"minecraft:bread":20,"minecraft:melon_slice":26,"minecraft:iron_pickaxe":63,"minecraft:cyan_concrete":11,"minecraft:cobblestone":18,"minecraft:pumpkin_pie":7,"epicfight:uchigatana":27},"minecraft:crafted":{"minecraft:stone_pickaxe":1,"minecraft:crafting_table":2,"minecraft:spruce_planks":44,"minecraft:air":94,"minecraft:stick":8,"minecraft:iron_pickaxe":1,"minecraft:acacia_planks":4,"minecraft:torch":4},"minecraft:killed":{"minecraft:skeleton":5,"monsterplus:glow_skeleton":3,"minecraft:drowned":1,"goblintraders:goblin_trader":1,"minecraft:pillager":1,"minecraft:zombie":1},"minecraft:dropped":{"minecraft:red_concrete_powder":2,"minecraft:glow_ink_sac":1,"minecraft:crafting_table":1,"minecraft:yellow_terracotta":2,"minecraft:granite":19,"create:crimsite":8,"minecraft:melon_slice":9,"minecraft:rose_bush":4,"minecraft:green_carpet":1,"minecraft:sunflower":1,"minecraft:flowering_azalea":1,"minecraft:sand":2,"minecraft:smooth_stone":4,"minecraft:cactus":2,"minecraft:spruce_sapling":4,"minecraft:gold_ingot":12,"minecraft:iron_nugget":38,"minecraft:coarse_dirt":4,"minecraft:light_gray_terracotta":1,"minecraft:white_terracotta":3,"immersive_weathering:stone_brick":1,"minecraft:red_terracotta":2,"minecraft:orange_terracotta":8,"minecraft:spruce_planks":1,"minecraft:honey_block":2,"pineapple_delight:pineapple_crop":1,"apotheosis:gem":1,"minecraft:azalea":1,"minecraft:slime_ball":1,"minecraft:blue_orchid":2,"minecraft:terracotta":12},"minecraft:mined":{"minecraft:yellow_terracotta":2,"minecraft:dark_oak_planks":2,"create:zinc_ore":3,"create:deepslate_zinc_ore":2,"minecraft:red_carpet":3,"minecraft:spruce_planks":2,"minecraft:dark_oak_leaves":4,"minecraft:orange_wool":1,"minecraft:glow_lichen":2,"minecraft:granite":11,"minecraft:acacia_log":3,"minecraft:jungle_planks":4,"minecraft:gilded_blackstone":4,"minecraft:smooth_stone":6,"minecraft:hay_block":4,"minecraft:orange_concrete":4,"minecraft:red_concrete_powder":1,"minecraft:polished_blackstone_button":1,"minecraft:iron_ore":4,"treechop:chopped_log":3,"minecraft:deepslate_lapis_ore":1,"minecraft:dark_oak_stairs":2,"pineapple_delight:pineapple_wild_crop":1,"minecraft:cyan_concrete":3,"minecraft:iron_bars":2,"minecraft:lantern":1,"minecraft:stone":19,"minecraft:bone_block":1,"minecraft:player_head":1,"minecraft:oak_slab":1,"minecraft:acacia_leaves":1,"minecraft:blackstone":1,"minecraft:orange_terracotta":8,"minecraft:stone_brick_slab":1,"minecraft:crafting_table":4,"minecraft:light_gray_terracotta":4,"minecraft:honey_block":2,"minecraft:melon":5,"minecraft:rose_bush":1,"minecraft:dead_bush":1,"minecraft:tall_grass":2,"minecraft:copper_ore":2,"minecraft:cobblestone":2,"minecraft:lapis_ore":3,"minecraft:red_concrete":3,"supplementaries:urn":1,"minecraft:spruce_stairs":1,"minecraft:white_terracotta":1,"minecraft:red_terracotta":1,"minecraft:coarse_dirt":4,"minecraft:grass":3,"minecraft:coal_ore":21,"minecraft:sunflower":1,"minecraft:cyan_carpet":2,"minecraft:sand":2,"minecraft:cracked_stone_bricks":3,"minecraft:terracotta":6,"minecraft:stone_bricks":3,"minecraft:mossy_stone_bricks":1,"create:crimsite":13,"minecraft:emerald_block":1,"minecraft:deepslate":1},"minecraft:broken":{"minecraft:wooden_pickaxe":1},"minecraft:killed_by":{"minecraft:drowned":1,"monsterplus:glow_skeleton":1,"minecraft:skeleton":5},"minecraft:custom":{"lootr:looted_stat":9,"minecraft:mob_kills":12,"minecraft:interact_with_crafting_table":11,"minecraft:open_barrel":10,"minecraft:time_since_death":26590,"minecraft:climb_one_cm":4128,"minecraft:sprint_one_cm":396352,"champions:champion_mobs_killed":11,"minecraft:walk_one_cm":477343,"minecraft:drop":43,"minecraft:damage_dealt_absorbed":54,"minecraft:play_time":99804,"minecraft:deaths":7,"minecraft:sneak_time":568,"minecraft:walk_under_water_one_cm":24900,"minecraft:jump":2008,"minecraft:walk_on_water_one_cm":84124,"minecraft:total_world_time":99804,"minecraft:sleep_in_bed":1,"minecraft:time_since_rest":3264,"minecraft:damage_taken":3569,"minecraft:damage_absorbed":6,"minecraft:damage_dealt":3095,"minecraft:swim_one_cm":71923,"minecraft:fly_one_cm":438696,"minecraft:player_kills":3,"minecraft:open_chest":63,"minecraft:crouch_one_cm":2465,"minecraft:fall_one_cm":46172},"minecraft:picked_up":{"minecraft:crafting_table":4,"minecraft:coarse_dirt":4,"minecraft:gilded_blackstone":4,"quark:azalea_log":6,"minecraft:orange_concrete":4,"minecraft:raw_copper":2,"minecraft:iron_leggings":1,"minecraft:beetroot_soup":1,"minecraft:beetroot":1,"minecraft:cracked_stone_bricks":2,"minecraft:smooth_stone":4,"minecraft:spruce_planks":2,"minecraft:rose_bush":4,"minecraft:player_head":1,"minecraft:azalea":1,"minecraft:melon_slice":35,"minecraft:stick":2,"minecraft:raw_iron":4,"apotheosis:gem":1,"bygonenether:cobbled_blackstone":1,"minecraft:acacia_log":3,"minecraft:dark_oak_planks":2,"minecraft:arrow":12,"minecraft:cactus":2,"minecraft:hay_block":3,"minecraft:iron_block":1,"minecraft:yellow_terracotta":2,"minecraft:gold_ingot":12,"minecraft:white_terracotta":3,"minecraft:cobblestone":23,"minecraft:cooked_beef":1,"minecraft:glow_ink_sac":1,"create:raw_zinc":5,"minecraft:lapis_lazuli":29,"minecraft:orange_terracotta":8,"minecraft:red_carpet":5,"minecraft:bone":13,"minecraft:apple":3,"minecraft:glowstone_dust":2,"minecraft:cyan_concrete":11,"minecraft:flowering_azalea":1,"minecraft:dark_oak_stairs":1,"minecraft:emerald_block":1,"minecraft:red_concrete_powder":2,"minecraft:sweet_berries":4,"ecologics:prickly_pear":5,"minecraft:sand":1,"minecraft:spruce_sapling":4,"minecraft:spruce_log":13,"immersive_weathering:stone_brick":1,"minecraft:red_terracotta":2,"minecraft:green_carpet":1,"minecraft:spectral_arrow":1,"minecraft:orange_wool":1,"minecraft:light_gray_terracotta":4,"create:crimsite":8,"minecraft:honey_block":2,"minecraft:granite":21,"minecraft:terracotta":12,"pineapple_delight:pineapple_crop":1,"minecraft:coal":21,"minecraft:sunflower":1}},"DataVersion":2975}