{"stats":{"minecraft:used":{"minecraft:wooden_axe":2,"minecraft:bread":6,"minecraft:wooden_pickaxe":11,"minecraft:crafting_table":1,"minecraft:porkchop":5,"minecraft:acacia_wood":2,"epicfight:uchigatana":108},"minecraft:custom":{"minecraft:time_since_rest":12716,"champions:champion_mobs_killed":2,"minecraft:sprint_one_cm":49242,"minecraft:damage_absorbed":53,"minecraft:damage_taken":704,"minecraft:walk_one_cm":142129,"minecraft:mob_kills":14,"minecraft:damage_dealt":2070,"minecraft:swim_one_cm":1149,"minecraft:interact_with_crafting_table":1,"minecraft:fly_one_cm":181911,"minecraft:crouch_one_cm":120,"minecraft:play_time":22106,"minecraft:deaths":1,"minecraft:sneak_time":18,"minecraft:walk_under_water_one_cm":82,"minecraft:jump":617,"minecraft:leave_game":2,"minecraft:walk_on_water_one_cm":9389,"minecraft:time_since_death":12631,"minecraft:climb_one_cm":628,"minecraft:total_world_time":22106,"minecraft:fall_one_cm":14474},"minecraft:picked_up":{"hexerei:animal_fat":2,"minecraft:stick":3,"minecraft:leather":1,"minecraft:acacia_wood":10,"minecraft:porkchop":13,"untamedwilds:hide_bigcat_snow_leopard":2,"minecraft:cornflower":2,"hexerei:sage_seed":2,"dannys_expansion:gel":1,"minecraft:bone":3,"untamedwilds:material_fat":1,"minecraft:wheat_seeds":2,"minecraft:acacia_sapling":4},"minecraft:killed_by":{"untamedwilds:bison":1},"minecraft:mined":{"immersive_weathering:acacia_leaf_pile":1,"minecraft:fire":4,"treechop:chopped_log":1,"minecraft:cornflower":2,"minecraft:crafting_table":1,"minecraft:grass":17,"minecraft:grass_block":2,"minecraft:dirt":1,"minecraft:tall_grass":13,"minecraft:stone":9,"minecraft:fern":3},"minecraft:crafted":{"minecraft:stick":4,"minecraft:acacia_planks":12,"minecraft:air":3},"minecraft:killed":{"dannys_expansion:mundane_slime":2,"minecraft:pig":9,"untamedwilds:boar":1,"untamedwilds:big_cat":1}},"DataVersion":2975}