{"stats":{"minecraft:custom":{"minecraft:time_since_rest":7123,"minecraft:crouch_one_cm":120,"minecraft:sprint_one_cm":21582,"minecraft:play_time":7123,"minecraft:walk_one_cm":77757,"minecraft:damage_taken":495,"minecraft:damage_absorbed":53,"minecraft:sneak_time":10,"minecraft:walk_under_water_one_cm":82,"minecraft:mob_kills":4,"minecraft:jump":274,"minecraft:damage_dealt":456,"minecraft:walk_on_water_one_cm":8649,"minecraft:time_since_death":7123,"minecraft:total_world_time":7123,"minecraft:swim_one_cm":1149,"minecraft:fall_one_cm":6850,"minecraft:fly_one_cm":82373},"minecraft:killed":{"untamedwilds:boar":1,"minecraft:pig":2},"minecraft:picked_up":{"minecraft:stick":3,"hexerei:sage_seed":1,"minecraft:bone":1,"untamedwilds:material_fat":1,"minecraft:leather":1,"minecraft:wheat_seeds":1,"minecraft:acacia_wood":10,"minecraft:porkchop":1,"minecraft:cornflower":1,"minecraft:acacia_sapling":3},"minecraft:mined":{"minecraft:grass":5,"immersive_weathering:acacia_leaf_pile":1,"minecraft:fire":4,"minecraft:tall_grass":8,"treechop:chopped_log":1,"minecraft:cornflower":1,"minecraft:fern":3},"minecraft:used":{"minecraft:porkchop":1,"minecraft:bread":6,"epicfight:uchigatana":33}},"DataVersion":2975}