{"stats":{"minecraft:killed_by":{"minecraft:skeleton":1},"minecraft:custom":{"minecraft:jump":126,"minecraft:time_since_rest":2530,"minecraft:damage_dealt":39,"minecraft:walk_on_water_one_cm":183,"minecraft:deaths":1,"minecraft:sprint_one_cm":5226,"minecraft:play_time":3788,"minecraft:damage_taken":478,"minecraft:time_since_death":2315,"minecraft:walk_one_cm":15138,"minecraft:total_world_time":3788,"minecraft:fall_one_cm":2249,"minecraft:fly_one_cm":22125},"minecraft:mined":{"minecraft:tall_grass":1},"minecraft:used":{"minecraft:bread":2,"epicfight:uchigatana":4}},"DataVersion":2975}