{"stats":{"minecraft:used":{"minecraft:stone_sword":38,"minecraft:iron_axe":32,"minecraft:bread":11,"minecraft:melon_slice":10,"minecraft:spruce_planks":5,"minecraft:wooden_pickaxe":16,"quark:azalea_planks":24,"minecraft:crafting_table":3,"minecraft:light_gray_terracotta":3,"minecraft:orange_wool":1,"minecraft:pumpkin_pie":2,"ecologics:prickly_pear":5,"minecraft:cooked_beef":1,"minecraft:wooden_axe":9,"epicfight:uchigatana":27},"minecraft:crafted":{"minecraft:spruce_planks":20,"minecraft:stick":4,"minecraft:air":39},"minecraft:killed":{"minecraft:skeleton":4,"minecraft:drowned":1},"minecraft:mined":{"minecraft:dark_oak_planks":2,"minecraft:yellow_terracotta":1,"minecraft:orange_concrete":4,"minecraft:orange_wool":1,"treechop:chopped_log":2,"minecraft:dark_oak_stairs":2,"minecraft:crafting_table":2,"minecraft:glow_lichen":1,"minecraft:light_gray_terracotta":3,"minecraft:grass":2,"pineapple_delight:pineapple_wild_crop":1,"minecraft:melon":2,"minecraft:jungle_planks":4,"minecraft:rose_bush":1,"minecraft:sunflower":1,"minecraft:cyan_carpet":2,"minecraft:sand":1,"minecraft:tall_grass":2,"minecraft:cobblestone":2,"minecraft:stone":4,"minecraft:bone_block":1},"minecraft:killed_by":{"minecraft:drowned":1,"minecraft:skeleton":1},"minecraft:custom":{"minecraft:time_since_rest":31586,"champions:champion_mobs_killed":5,"lootr:looted_stat":6,"minecraft:sprint_one_cm":119675,"minecraft:damage_taken":1486,"minecraft:damage_absorbed":6,"minecraft:walk_one_cm":167544,"minecraft:mob_kills":6,"minecraft:damage_dealt":1480,"minecraft:damage_dealt_absorbed":54,"minecraft:swim_one_cm":59173,"minecraft:interact_with_crafting_table":7,"minecraft:fly_one_cm":209875,"minecraft:player_kills":1,"minecraft:open_chest":4,"minecraft:crouch_one_cm":153,"minecraft:play_time":39804,"minecraft:deaths":2,"minecraft:sneak_time":37,"minecraft:walk_under_water_one_cm":19949,"minecraft:jump":936,"minecraft:walk_on_water_one_cm":60322,"minecraft:time_since_death":31561,"minecraft:total_world_time":39804,"minecraft:climb_one_cm":1194,"minecraft:fall_one_cm":22031},"minecraft:picked_up":{"minecraft:crafting_table":2,"apotheosis:gem":1,"minecraft:stick":2,"ecologics:prickly_pear":5,"quark:azalea_log":6,"minecraft:spruce_sapling":1,"minecraft:spruce_log":7,"minecraft:orange_wool":1,"minecraft:green_carpet":1,"minecraft:dark_oak_planks":2,"minecraft:orange_concrete":4,"minecraft:iron_leggings":1,"minecraft:cactus":2,"minecraft:light_gray_terracotta":3,"minecraft:rose_bush":2,"minecraft:azalea":1,"pineapple_delight:pineapple_crop":1,"minecraft:melon_slice":10,"minecraft:flowering_azalea":1,"minecraft:dark_oak_stairs":1,"minecraft:cooked_beef":1,"minecraft:cobblestone":8,"minecraft:sunflower":1}},"DataVersion":2975}