{"stats":{"minecraft:broken":{"minecraft:iron_chestplate":1,"minecraft:iron_leggings":1,"minecraft:leather_helmet":1,"minecraft:stone_sword":1,"minecraft:wooden_pickaxe":1,"minecraft:iron_axe":1,"jet_and_elias_armors:outrider_set_helmet":1},"minecraft:used":{"minecraft:beetroot":1,"minecraft:iron_shovel":12,"minecraft:ladder":3,"minecraft:chest":1,"minecraft:shield":8,"minecraft:orange_wool":1,"ecologics:prickly_pear":5,"farmersdelight:tomato":1,"minecraft:sweet_berries":4,"minecraft:furnace":1,"cloudstorage:balloon":2,"minecraft:dark_oak_stairs":1,"minecraft:stone_pickaxe":58,"minecraft:oak_planks":24,"minecraft:ender_pearl":8,"minecraft:wooden_pickaxe":58,"minecraft:golden_apple":2,"minecraft:sand":1,"quark:azalea_planks":24,"minecraft:light_gray_terracotta":3,"minecraft:gray_concrete":4,"minecraft:redstone_torch":1,"minecraft:melon_slice":26,"minecraft:bread":142,"minecraft:oak_boat":2,"minecraft:experience_bottle":9,"minecraft:trident":148,"minecraft:stone_sword":132,"minecraft:orange_concrete":4,"minecraft:spruce_planks":27,"minecraft:oak_door":1,"minecraft:torch":32,"minecraft:dirt":37,"minecraft:anvil":1,"minecraft:granite":2,"minecraft:wooden_axe":34,"quark:spruce_chest":1,"minecraft:iron_axe":340,"epicfight:diamond_tachi":2,"minecraft:beef":2,"minecraft:cooked_beef":9,"minecraft:cobbled_deepslate":19,"minecraft:acacia_planks":9,"minecraft:beetroot_soup":1,"minecraft:cooked_mutton":11,"minecraft:birch_planks":48,"minecraft:cracked_stone_bricks":2,"minecraft:crafting_table":8,"minecraft:spruce_log":2,"minecraft:apple":11,"minecraft:iron_pickaxe":280,"minecraft:cyan_concrete":11,"minecraft:cobblestone":31,"minecraft:potion":1,"minecraft:pumpkin_pie":7,"quark:oak_chest":3,"epicfight:uchigatana":96},"minecraft:dropped":{"minecraft:brown_mushroom":2,"minecraft:glow_ink_sac":1,"minecraft:baked_potato":2,"minecraft:glass_bottle":2,"minecraft:diamond":2,"minecraft:crafting_table":1,"minecraft:crossbow":1,"create:crimsite":8,"minecraft:red_carpet":20,"minecraft:item_frame":4,"minecraft:dirt":15,"irons_spellbooks:arcane_essence":5,"minecraft:sunflower":1,"minecraft:sand":2,"minecraft:white_wool":3,"minecraft:cyan_carpet":1,"minecraft:gold_ingot":12,"minecraft:bone":11,"minecraft:oak_door":1,"minecraft:compass":1,"minecraft:iron_nugget":38,"minecraft:rotten_flesh":3,"minecraft:glowstone_dust":2,"minecraft:mossy_stone_brick_slab":1,"immersive_weathering:stone_brick":1,"hexerei:selenite_block":1,"minecraft:honey_block":2,"minecraft:ladder":2,"pineapple_delight:pineapple_crop":1,"minecraft:azalea":1,"apotheosis:gem":1,"minecraft:acacia_sapling":3,"minecraft:chainmail_boots":1,"minecraft:arrow":8,"farmersdelight:tomato_seeds":2,"minecraft:enchanted_book":2,"minecraft:vine":1,"minecraft:red_concrete_powder":2,"minecraft:wheat_seeds":3,"minecraft:yellow_terracotta":2,"minecraft:spectral_arrow":2,"minecraft:granite":19,"minecraft:coal":9,"minecraft:stick":9,"bygonenether:cobbled_blackstone":1,"minecraft:wooden_axe":1,"minecraft:rose_bush":4,"minecraft:melon_slice":9,"minecraft:iron_leggings":1,"minecraft:dead_bush":1,"minecraft:green_carpet":1,"minecraft:flowering_azalea":1,"minecraft:cactus":2,"minecraft:smooth_stone":4,"minecraft:string":2,"minecraft:spruce_sapling":4,"hexerei:sage_seed":2,"minecraft:coarse_dirt":4,"minecraft:cocoa_beans":3,"minecraft:light_gray_terracotta":1,"minecraft:bowl":1,"minecraft:tuff":4,"minecraft:white_terracotta":3,"minecraft:pumpkin_seeds":1,"minecraft:red_terracotta":2,"minecraft:filled_map":1,"minecraft:flower_pot":2,"create:redstone_link":1,"minecraft:orange_terracotta":8,"minecraft:spruce_planks":5,"minecraft:iron_chestplate":1,"minecraft:oak_boat":2,"minecraft:oak_sapling":4,"minecraft:slime_ball":1,"minecraft:blue_orchid":2,"cloudstorage:cloud_chest":1,"minecraft:terracotta":12},"minecraft:crafted":{"minecraft:oak_planks":12,"minecraft:cooked_mutton":11,"minecraft:crafting_table":3,"minecraft:spruce_planks":48,"minecraft:stick":20,"minecraft:iron_pickaxe":2,"minecraft:iron_ingot":9,"minecraft:furnace":1,"minecraft:stone_pickaxe":1,"minecraft:cooked_beef":16,"minecraft:diamond_sword":1,"minecraft:air":661,"minecraft:acacia_planks":20,"minecraft:torch":4},"minecraft:mined":{"minecraft:dark_oak_planks":3,"create:deepslate_zinc_ore":2,"minecraft:spruce_planks":14,"minecraft:orange_wool":1,"minecraft:granite":11,"minecraft:acacia_log":7,"minecraft:grass_block":16,"minecraft:gilded_blackstone":4,"minecraft:spawner":10,"hexerei:selenite_block":1,"minecraft:smooth_stone":6,"minecraft:orange_concrete":4,"minecraft:iron_ore":4,"minecraft:fire":1,"minecraft:deepslate_lapis_ore":1,"minecraft:enchanting_table":2,"quark:black_corundum_cluster":1,"minecraft:dark_oak_stairs":2,"minecraft:iron_bars":2,"hexerei:budding_selenite":1,"cloudstorage:static_cloud":8,"minecraft:player_head":1,"minecraft:deepslate_redstone_ore":3,"minecraft:potted_brown_mushroom":1,"minecraft:red_bed":2,"minecraft:blackstone":1,"hexerei:selenite_cluster":1,"cloudstorage:cloud":26,"minecraft:orange_terracotta":8,"minecraft:chiseled_quartz_block":3,"minecraft:light_gray_terracotta":4,"minecraft:dark_oak_wood":1,"minecraft:melon":5,"minecraft:dead_bush":1,"minecraft:cobblestone":2,"minecraft:iron_door":1,"minecraft:white_terracotta":1,"minecraft:cyan_wool":3,"minecraft:grass":27,"minecraft:oak_log":7,"minecraft:smooth_quartz":14,"minecraft:sand":2,"minecraft:dirt":13,"create:crimsite":13,"minecraft:oak_leaves":26,"minecraft:deepslate":26,"minecraft:emerald_block":1,"minecraft:dark_prismarine":2,"minecraft:yellow_terracotta":2,"create:zinc_ore":3,"minecraft:red_carpet":3,"minecraft:tuff":4,"minecraft:dark_oak_leaves":4,"minecraft:glow_lichen":3,"minecraft:ladder":6,"minecraft:spruce_fence":3,"minecraft:jungle_planks":4,"minecraft:moss_block":1,"minecraft:hay_block":45,"minecraft:red_concrete_powder":1,"minecraft:polished_blackstone_button":1,"treechop:chopped_log":8,"minecraft:bookshelf":2,"minecraft:cyan_concrete":3,"pineapple_delight:pineapple_wild_crop":1,"minecraft:vine":4,"minecraft:lantern":1,"untamedwilds:flora_cycad":1,"minecraft:stone":80,"minecraft:bone_block":1,"minecraft:redstone_wall_torch":1,"minecraft:oak_slab":1,"minecraft:acacia_leaves":11,"minecraft:gray_concrete":4,"minecraft:stone_brick_slab":1,"minecraft:oak_fence":1,"minecraft:crafting_table":5,"minecraft:honey_block":2,"minecraft:rose_bush":3,"minecraft:copper_ore":2,"minecraft:tall_grass":19,"minecraft:quartz_bricks":1,"farmersdelight:wild_tomatoes":3,"minecraft:deepslate_gold_ore":1,"minecraft:lapis_ore":4,"minecraft:red_concrete":3,"quark:black_corundum":1,"supplementaries:urn":1,"create:redstone_link":1,"minecraft:spruce_stairs":4,"minecraft:coarse_dirt":4,"minecraft:red_terracotta":1,"minecraft:spruce_log":2,"minecraft:coal_ore":41,"minecraft:cocoa":1,"minecraft:sunflower":1,"minecraft:cyan_carpet":3,"minecraft:cracked_stone_bricks":3,"minecraft:terracotta":6,"minecraft:stone_bricks":4,"minecraft:mossy_stone_bricks":1,"minecraft:birch_fence":1,"minecraft:fern":5},"minecraft:killed_by":{"minecraft:evoker":2,"alexsmobs:capuchin_monkey":1,"minecraft:drowned":1,"minecraft:zombie":1,"minecraft:player":3,"minecraft:spider":1,"monsterplus:glow_skeleton":2,"minecraft:skeleton":8},"minecraft:killed":{"minecraft:cave_spider":1,"minecraft:spider":3,"minecraft:skeleton":7,"monsterplus:glow_skeleton":6,"cloudstorage:badloon":5,"minecraft:silverfish":3,"simple_mobs:knight_4":1,"dannys_expansion:floam":1,"minecraft:sheep":7,"minecraft:pillager":4,"minecraft:zombie":2,"minecraft:stray":1,"minecraft:cow":8,"minecraft:horse":1,"minecraft:drowned":1,"goblintraders:goblin_trader":1,"minecraft:husk":1,"simple_mobs:knight_2":1,"minecraft:wither_skeleton":5},"minecraft:custom":{"lootr:looted_stat":31,"minecraft:interact_with_crafting_table":29,"minecraft:open_barrel":12,"minecraft:eat_cake_slice":2,"minecraft:leave_game":2,"minecraft:time_since_death":11204,"minecraft:damage_resisted":484,"champions:champion_mobs_killed":41,"minecraft:sprint_one_cm":1437210,"minecraft:damage_blocked_by_shield":310,"minecraft:drop":113,"minecraft:play_time":339282,"minecraft:deaths":24,"minecraft:jump":7760,"minecraft:interact_with_brewingstand":1,"minecraft:walk_on_water_one_cm":129045,"minecraft:interact_with_furnace":19,"minecraft:sleep_in_bed":3,"minecraft:damage_dealt":13393,"minecraft:player_kills":4,"minecraft:crouch_one_cm":28268,"minecraft:mob_kills":66,"minecraft:damage_dealt_resisted":1642,"minecraft:climb_one_cm":19947,"minecraft:walk_one_cm":1881117,"minecraft:damage_dealt_absorbed":670,"minecraft:sneak_time":5784,"minecraft:walk_under_water_one_cm":39572,"minecraft:boat_one_cm":686,"minecraft:total_world_time":339282,"minecraft:time_since_rest":11228,"minecraft:damage_taken":14660,"minecraft:damage_absorbed":246,"minecraft:swim_one_cm":87769,"minecraft:fly_one_cm":1983809,"minecraft:open_chest":158,"minecraft:fall_one_cm":177919},"minecraft:picked_up":{"minecraft:flower_pot":2,"minecraft:diamond_sword":1,"minecraft:enchanted_book":3,"minecraft:gilded_blackstone":4,"hexerei:selenite_block":1,"quark:azalea_log":6,"immersive_weathering:ash_layer_block":1,"minecraft:string":6,"minecraft:raw_copper":2,"minecraft:iron_leggings":2,"minecraft:beetroot_soup":1,"minecraft:beetroot":1,"minecraft:smooth_stone":4,"minecraft:cobbled_deepslate":19,"minecraft:spruce_planks":12,"minecraft:redstone_torch":1,"minecraft:rose_bush":6,"minecraft:azalea":1,"minecraft:smooth_quartz":7,"minecraft:melon_slice":35,"minecraft:stick":6,"apotheosis:gem":2,"minecraft:oak_fence":1,"minecraft:acacia_log":7,"minecraft:spruce_stairs":2,"minecraft:vine":1,"cloudstorage:balloon_bit":2,"minecraft:cactus":20,"cloudstorage:cloud_chest":1,"minecraft:rotten_flesh":3,"minecraft:iron_block":1,"cloudstorage:cloud":13,"minecraft:white_terracotta":3,"minecraft:cobblestone":77,"minecraft:birch_log":12,"minecraft:enchanting_table":1,"minecraft:cooked_beef":1,"quark:black_corundum_cluster":1,"paraglider:spirit_orb":1,"minecraft:tuff":4,"create:raw_zinc":5,"cloudstorage:static_cloud":7,"minecraft:gray_concrete":4,"minecraft:lapis_lazuli":34,"farmersdelight:tomato":1,"minecraft:dirt":63,"minecraft:bone":19,"minecraft:wheat_seeds":3,"minecraft:raw_gold":1,"minecraft:glowstone_dust":4,"minecraft:cyan_concrete":11,"hexerei:animal_fat":4,"simple_mobs:shade_mane":1,"ecologics:prickly_pear":5,"minecraft:sand":1,"minecraft:dead_bush":1,"minecraft:spectral_arrow":3,"minecraft:red_terracotta":2,"minecraft:orange_wool":1,"minecraft:light_gray_terracotta":4,"create:crimsite":8,"minecraft:diamond":2,"minecraft:granite":21,"cloudstorage:balloon":2,"minecraft:oak_sapling":8,"minecraft:coarse_dirt":4,"minecraft:cocoa_beans":3,"minecraft:crafting_table":5,"minecraft:ladder":5,"minecraft:brown_mushroom":2,"minecraft:red_bed":2,"minecraft:orange_concrete":4,"minecraft:item_frame":4,"create:redstone_link":1,"minecraft:cyan_carpet":1,"minecraft:cracked_stone_bricks":2,"minecraft:beef":18,"magistuarmory:ceremonial_boots":1,"minecraft:oak_boat":2,"minecraft:player_head":1,"minecraft:birch_sapling":1,"minecraft:raw_iron":4,"minecraft:oak_door":2,"bygonenether:cobbled_blackstone":1,"minecraft:spruce_fence":1,"farmersdelight:tomato_seeds":2,"hexerei:selenite_shard":4,"minecraft:redstone":13,"minecraft:dark_oak_planks":3,"hexerei:sage_seed":2,"minecraft:arrow":18,"minecraft:hay_block":44,"minecraft:yellow_terracotta":2,"minecraft:gold_ingot":12,"minecraft:mutton":11,"minecraft:white_wool":6,"minecraft:glow_ink_sac":3,"minecraft:leather":9,"minecraft:oak_log":18,"minecraft:orange_terracotta":8,"minecraft:red_carpet":20,"minecraft:apple":4,"minecraft:stone_bricks":1,"minecraft:glass_bottle":1,"minecraft:acacia_sapling":3,"minecraft:flowering_azalea":1,"minecraft:dark_oak_stairs":1,"quark:black_corundum":1,"minecraft:book":6,"minecraft:emerald_block":1,"minecraft:red_concrete_powder":2,"minecraft:sweet_berries":4,"minecraft:spruce_sapling":4,"minecraft:spruce_log":17,"minecraft:green_carpet":1,"minecraft:mossy_stone_brick_slab":1,"magistuarmory:wingedhussar_chestplate":1,"immersive_weathering:stone_brick":1,"minecraft:honey_block":2,"minecraft:terracotta":12,"pineapple_delight:pineapple_crop":1,"minecraft:coal":49,"minecraft:sunflower":1}},"DataVersion":2975}