{"stats":{"minecraft:used":{"minecraft:beetroot":1,"minecraft:stone_sword":132,"minecraft:iron_shovel":7,"minecraft:orange_concrete":4,"minecraft:chest":1,"minecraft:spruce_planks":27,"minecraft:oak_door":1,"minecraft:torch":26,"minecraft:dirt":11,"minecraft:orange_wool":1,"ecologics:prickly_pear":5,"minecraft:granite":2,"minecraft:wooden_axe":34,"farmersdelight:tomato":1,"minecraft:iron_axe":246,"minecraft:beef":2,"minecraft:sweet_berries":4,"minecraft:furnace":1,"minecraft:cobbled_deepslate":19,"minecraft:cooked_beef":8,"minecraft:acacia_planks":9,"minecraft:beetroot_soup":1,"minecraft:cooked_mutton":11,"minecraft:dark_oak_stairs":1,"cloudstorage:balloon":2,"minecraft:oak_planks":1,"minecraft:stone_pickaxe":44,"minecraft:ender_pearl":8,"minecraft:wooden_pickaxe":58,"minecraft:cracked_stone_bricks":2,"minecraft:sand":1,"quark:azalea_planks":24,"minecraft:crafting_table":8,"minecraft:light_gray_terracotta":3,"minecraft:spruce_log":2,"minecraft:apple":4,"minecraft:bread":20,"minecraft:melon_slice":26,"minecraft:iron_pickaxe":169,"minecraft:cyan_concrete":11,"minecraft:cobblestone":20,"minecraft:pumpkin_pie":7,"epicfight:uchigatana":27},"minecraft:custom":{"lootr:looted_stat":11,"minecraft:mob_kills":40,"minecraft:interact_with_crafting_table":19,"minecraft:open_barrel":10,"minecraft:leave_game":1,"minecraft:time_since_death":8542,"minecraft:climb_one_cm":6680,"champions:champion_mobs_killed":21,"minecraft:sprint_one_cm":682930,"minecraft:walk_one_cm":917394,"minecraft:drop":80,"minecraft:damage_dealt_absorbed":56,"minecraft:sneak_time":2359,"minecraft:deaths":13,"minecraft:play_time":174073,"minecraft:walk_under_water_one_cm":38774,"minecraft:jump":3978,"minecraft:walk_on_water_one_cm":108705,"minecraft:total_world_time":174073,"minecraft:interact_with_furnace":16,"minecraft:sleep_in_bed":3,"minecraft:time_since_rest":5736,"minecraft:damage_taken":5988,"minecraft:damage_absorbed":54,"minecraft:damage_dealt":6329,"minecraft:player_kills":3,"minecraft:swim_one_cm":86330,"minecraft:fly_one_cm":882313,"minecraft:open_chest":66,"minecraft:crouch_one_cm":14881,"minecraft:fall_one_cm":83809},"minecraft:crafted":{"minecraft:oak_planks":12,"minecraft:furnace":1,"minecraft:cooked_mutton":11,"minecraft:stone_pickaxe":1,"minecraft:cooked_beef":14,"minecraft:crafting_table":3,"minecraft:spruce_planks":48,"minecraft:air":138,"minecraft:iron_ingot":9,"minecraft:stick":20,"minecraft:iron_pickaxe":2,"minecraft:acacia_planks":20,"minecraft:torch":4},"minecraft:picked_up":{"minecraft:cocoa_beans":3,"minecraft:crafting_table":5,"minecraft:coarse_dirt":4,"minecraft:ladder":2,"minecraft:flower_pot":2,"minecraft:brown_mushroom":2,"minecraft:gilded_blackstone":4,"hexerei:selenite_block":1,"quark:azalea_log":6,"minecraft:raw_copper":2,"minecraft:orange_concrete":4,"minecraft:iron_leggings":1,"minecraft:beetroot_soup":1,"minecraft:beetroot":1,"minecraft:cracked_stone_bricks":2,"minecraft:cobbled_deepslate":19,"minecraft:smooth_stone":4,"minecraft:spruce_planks":8,"minecraft:beef":18,"minecraft:oak_boat":1,"minecraft:rose_bush":4,"minecraft:player_head":1,"minecraft:azalea":1,"minecraft:melon_slice":35,"minecraft:stick":4,"minecraft:raw_iron":4,"apotheosis:gem":2,"minecraft:oak_door":2,"bygonenether:cobbled_blackstone":1,"minecraft:acacia_log":7,"farmersdelight:tomato_seeds":2,"hexerei:selenite_shard":4,"minecraft:vine":1,"minecraft:redstone":13,"minecraft:dark_oak_planks":2,"minecraft:rotten_flesh":1,"cloudstorage:balloon_bit":2,"minecraft:cactus":20,"cloudstorage:cloud_chest":1,"minecraft:arrow":16,"minecraft:hay_block":3,"minecraft:iron_block":1,"minecraft:yellow_terracotta":2,"cloudstorage:cloud":13,"minecraft:gold_ingot":12,"minecraft:white_terracotta":3,"minecraft:mutton":11,"minecraft:white_wool":6,"minecraft:cobblestone":33,"minecraft:cooked_beef":1,"minecraft:glow_ink_sac":3,"minecraft:leather":9,"minecraft:tuff":4,"minecraft:oak_log":3,"create:raw_zinc":5,"cloudstorage:static_cloud":7,"minecraft:lapis_lazuli":34,"farmersdelight:tomato":1,"minecraft:dirt":19,"minecraft:orange_terracotta":8,"minecraft:red_carpet":20,"minecraft:bone":15,"minecraft:apple":4,"minecraft:raw_gold":1,"minecraft:glowstone_dust":4,"minecraft:cyan_concrete":11,"minecraft:acacia_sapling":3,"minecraft:flowering_azalea":1,"minecraft:dark_oak_stairs":1,"quark:black_corundum":1,"hexerei:animal_fat":4,"minecraft:book":6,"minecraft:emerald_block":1,"minecraft:red_concrete_powder":2,"minecraft:sweet_berries":4,"ecologics:prickly_pear":5,"minecraft:sand":1,"minecraft:spruce_sapling":4,"minecraft:spruce_log":15,"minecraft:green_carpet":1,"minecraft:spectral_arrow":3,"minecraft:mossy_stone_brick_slab":1,"minecraft:red_terracotta":2,"minecraft:orange_wool":1,"immersive_weathering:stone_brick":1,"minecraft:light_gray_terracotta":4,"create:crimsite":8,"minecraft:honey_block":2,"minecraft:granite":21,"minecraft:oak_sapling":3,"minecraft:terracotta":12,"cloudstorage:balloon":2,"pineapple_delight:pineapple_crop":1,"minecraft:coal":40,"minecraft:sunflower":1},"minecraft:mined":{"minecraft:yellow_terracotta":2,"minecraft:dark_oak_planks":2,"create:zinc_ore":3,"create:deepslate_zinc_ore":2,"minecraft:tuff":4,"minecraft:red_carpet":3,"minecraft:spruce_planks":8,"minecraft:dark_oak_leaves":4,"minecraft:orange_wool":1,"minecraft:glow_lichen":3,"minecraft:granite":11,"minecraft:acacia_log":7,"minecraft:grass_block":2,"minecraft:jungle_planks":4,"minecraft:moss_block":1,"minecraft:gilded_blackstone":4,"minecraft:spawner":2,"hexerei:selenite_block":1,"minecraft:orange_concrete":4,"minecraft:smooth_stone":6,"minecraft:hay_block":4,"minecraft:red_concrete_powder":1,"minecraft:polished_blackstone_button":1,"minecraft:iron_ore":4,"minecraft:fire":1,"treechop:chopped_log":4,"minecraft:deepslate_lapis_ore":1,"quark:black_corundum_cluster":1,"minecraft:dark_oak_stairs":2,"minecraft:bookshelf":2,"untamedwilds:flora_cycad":1,"minecraft:vine":4,"minecraft:cyan_concrete":3,"pineapple_delight:pineapple_wild_crop":1,"minecraft:iron_bars":2,"minecraft:lantern":1,"hexerei:budding_selenite":1,"cloudstorage:static_cloud":8,"minecraft:stone":29,"minecraft:bone_block":1,"minecraft:player_head":1,"minecraft:deepslate_redstone_ore":3,"minecraft:oak_slab":1,"minecraft:acacia_leaves":10,"minecraft:potted_brown_mushroom":1,"minecraft:blackstone":1,"hexerei:selenite_cluster":1,"cloudstorage:cloud":26,"minecraft:orange_terracotta":8,"minecraft:stone_brick_slab":1,"minecraft:chiseled_quartz_block":3,"minecraft:crafting_table":5,"minecraft:light_gray_terracotta":4,"minecraft:honey_block":2,"minecraft:melon":5,"minecraft:dead_bush":1,"minecraft:rose_bush":1,"minecraft:cobblestone":2,"minecraft:tall_grass":16,"minecraft:copper_ore":2,"minecraft:quartz_bricks":1,"minecraft:deepslate_gold_ore":1,"farmersdelight:wild_tomatoes":3,"minecraft:lapis_ore":4,"minecraft:red_concrete":3,"quark:black_corundum":1,"supplementaries:urn":1,"minecraft:spruce_stairs":1,"minecraft:white_terracotta":1,"minecraft:coarse_dirt":4,"minecraft:red_terracotta":1,"minecraft:grass":12,"minecraft:oak_log":3,"minecraft:coal_ore":31,"minecraft:cocoa":1,"minecraft:sunflower":1,"minecraft:cyan_carpet":2,"minecraft:sand":2,"minecraft:dirt":9,"minecraft:cracked_stone_bricks":3,"minecraft:terracotta":6,"minecraft:stone_bricks":3,"minecraft:oak_leaves":16,"minecraft:mossy_stone_bricks":1,"create:crimsite":13,"minecraft:deepslate":26,"minecraft:emerald_block":1,"minecraft:fern":4},"minecraft:killed":{"minecraft:spider":1,"minecraft:skeleton":5,"monsterplus:glow_skeleton":5,"cloudstorage:badloon":5,"minecraft:drowned":1,"goblintraders:goblin_trader":1,"minecraft:husk":1,"minecraft:sheep":7,"minecraft:pillager":1,"minecraft:zombie":2,"minecraft:cow":8},"minecraft:dropped":{"minecraft:vine":1,"minecraft:brown_mushroom":2,"minecraft:red_concrete_powder":2,"minecraft:glow_ink_sac":1,"minecraft:crafting_table":1,"minecraft:yellow_terracotta":2,"minecraft:granite":19,"create:crimsite":8,"minecraft:coal":9,"minecraft:red_carpet":20,"minecraft:stick":8,"bygonenether:cobbled_blackstone":1,"minecraft:wooden_axe":1,"minecraft:rose_bush":4,"minecraft:melon_slice":9,"minecraft:green_carpet":1,"minecraft:sunflower":1,"minecraft:flowering_azalea":1,"minecraft:sand":2,"minecraft:smooth_stone":4,"minecraft:cactus":2,"minecraft:white_wool":3,"minecraft:spruce_sapling":4,"minecraft:gold_ingot":12,"minecraft:oak_door":1,"minecraft:iron_nugget":38,"minecraft:coarse_dirt":4,"minecraft:bowl":1,"minecraft:cocoa_beans":3,"minecraft:light_gray_terracotta":1,"minecraft:tuff":4,"minecraft:rotten_flesh":1,"minecraft:glowstone_dust":2,"minecraft:mossy_stone_brick_slab":1,"minecraft:white_terracotta":3,"immersive_weathering:stone_brick":1,"hexerei:selenite_block":1,"minecraft:red_terracotta":2,"minecraft:flower_pot":2,"minecraft:orange_terracotta":8,"minecraft:spruce_planks":5,"minecraft:acacia_sapling":1,"minecraft:oak_boat":1,"minecraft:oak_sapling":3,"minecraft:ladder":2,"minecraft:honey_block":2,"minecraft:azalea":1,"pineapple_delight:pineapple_crop":1,"apotheosis:gem":1,"minecraft:slime_ball":1,"minecraft:arrow":5,"minecraft:blue_orchid":2,"cloudstorage:cloud_chest":1,"farmersdelight:tomato_seeds":2,"minecraft:terracotta":12},"minecraft:killed_by":{"minecraft:player":2,"minecraft:drowned":1,"monsterplus:glow_skeleton":2,"minecraft:skeleton":6},"minecraft:broken":{"minecraft:stone_sword":1,"minecraft:wooden_pickaxe":1,"minecraft:iron_axe":1}},"DataVersion":2975}