{"stats":{"minecraft:used":{"minecraft:beetroot":1,"minecraft:iron_shovel":7,"minecraft:ladder":3,"minecraft:chest":1,"minecraft:orange_wool":1,"ecologics:prickly_pear":5,"farmersdelight:tomato":1,"minecraft:sweet_berries":4,"minecraft:furnace":1,"cloudstorage:balloon":2,"minecraft:dark_oak_stairs":1,"minecraft:stone_pickaxe":54,"minecraft:oak_planks":24,"minecraft:ender_pearl":8,"minecraft:wooden_pickaxe":58,"minecraft:golden_apple":1,"minecraft:sand":1,"quark:azalea_planks":24,"minecraft:light_gray_terracotta":3,"minecraft:melon_slice":26,"minecraft:bread":74,"minecraft:oak_boat":1,"minecraft:trident":110,"minecraft:stone_sword":132,"minecraft:orange_concrete":4,"minecraft:spruce_planks":27,"minecraft:oak_door":1,"minecraft:torch":32,"minecraft:dirt":11,"minecraft:granite":2,"minecraft:wooden_axe":34,"quark:spruce_chest":1,"minecraft:iron_axe":292,"minecraft:beef":2,"minecraft:cooked_beef":9,"minecraft:cobbled_deepslate":19,"minecraft:acacia_planks":9,"minecraft:beetroot_soup":1,"minecraft:cooked_mutton":11,"minecraft:birch_planks":3,"minecraft:cracked_stone_bricks":2,"minecraft:crafting_table":8,"minecraft:spruce_log":2,"minecraft:apple":4,"minecraft:iron_pickaxe":190,"minecraft:cyan_concrete":11,"minecraft:cobblestone":20,"minecraft:potion":1,"minecraft:pumpkin_pie":7,"epicfight:uchigatana":27},"minecraft:custom":{"lootr:looted_stat":21,"minecraft:interact_with_crafting_table":21,"minecraft:open_barrel":12,"minecraft:eat_cake_slice":2,"minecraft:leave_game":1,"minecraft:time_since_death":14711,"champions:champion_mobs_killed":30,"minecraft:sprint_one_cm":1123314,"minecraft:drop":102,"minecraft:play_time":251169,"minecraft:deaths":16,"minecraft:jump":6000,"minecraft:interact_with_brewingstand":1,"minecraft:walk_on_water_one_cm":109360,"minecraft:interact_with_furnace":19,"minecraft:sleep_in_bed":3,"minecraft:damage_dealt":9562,"minecraft:player_kills":3,"minecraft:crouch_one_cm":21111,"minecraft:mob_kills":52,"minecraft:damage_dealt_resisted":1110,"minecraft:climb_one_cm":16722,"minecraft:walk_one_cm":1370020,"minecraft:damage_dealt_absorbed":507,"minecraft:sneak_time":3615,"minecraft:walk_under_water_one_cm":38774,"minecraft:boat_one_cm":328,"minecraft:total_world_time":251169,"minecraft:time_since_rest":14791,"minecraft:damage_taken":8850,"minecraft:damage_absorbed":194,"minecraft:swim_one_cm":86330,"minecraft:fly_one_cm":1477455,"minecraft:open_chest":113,"minecraft:fall_one_cm":126396},"minecraft:crafted":{"minecraft:oak_planks":12,"minecraft:cooked_mutton":11,"minecraft:crafting_table":3,"minecraft:spruce_planks":48,"minecraft:iron_pickaxe":2,"minecraft:stick":20,"minecraft:iron_ingot":9,"minecraft:furnace":1,"minecraft:stone_pickaxe":1,"minecraft:cooked_beef":16,"minecraft:air":568,"minecraft:acacia_planks":20,"minecraft:torch":4},"minecraft:picked_up":{"minecraft:flower_pot":2,"minecraft:gilded_blackstone":4,"hexerei:selenite_block":1,"quark:azalea_log":6,"immersive_weathering:ash_layer_block":1,"minecraft:raw_copper":2,"minecraft:iron_leggings":1,"minecraft:beetroot_soup":1,"minecraft:beetroot":1,"minecraft:smooth_stone":4,"minecraft:cobbled_deepslate":19,"minecraft:spruce_planks":9,"minecraft:rose_bush":4,"minecraft:azalea":1,"minecraft:melon_slice":35,"minecraft:stick":5,"apotheosis:gem":2,"minecraft:oak_fence":1,"minecraft:acacia_log":7,"minecraft:vine":1,"cloudstorage:balloon_bit":2,"minecraft:cactus":20,"cloudstorage:cloud_chest":1,"minecraft:rotten_flesh":3,"minecraft:iron_block":1,"cloudstorage:cloud":13,"minecraft:white_terracotta":3,"minecraft:cobblestone":33,"minecraft:birch_log":7,"minecraft:cooked_beef":1,"quark:black_corundum_cluster":1,"paraglider:spirit_orb":1,"cloudstorage:static_cloud":7,"minecraft:tuff":4,"create:raw_zinc":5,"minecraft:gray_concrete":4,"minecraft:lapis_lazuli":34,"farmersdelight:tomato":1,"minecraft:dirt":56,"minecraft:bone":15,"minecraft:wheat_seeds":2,"minecraft:raw_gold":1,"minecraft:glowstone_dust":4,"minecraft:cyan_concrete":11,"hexerei:animal_fat":4,"simple_mobs:shade_mane":1,"ecologics:prickly_pear":5,"minecraft:sand":1,"minecraft:dead_bush":1,"minecraft:spectral_arrow":3,"minecraft:red_terracotta":2,"minecraft:orange_wool":1,"minecraft:light_gray_terracotta":4,"create:crimsite":8,"minecraft:granite":21,"cloudstorage:balloon":2,"minecraft:oak_sapling":4,"minecraft:cocoa_beans":3,"minecraft:coarse_dirt":4,"minecraft:crafting_table":5,"minecraft:ladder":5,"minecraft:brown_mushroom":2,"minecraft:orange_concrete":4,"minecraft:item_frame":4,"create:redstone_link":1,"minecraft:cracked_stone_bricks":2,"minecraft:beef":18,"magistuarmory:ceremonial_boots":1,"minecraft:oak_boat":2,"minecraft:player_head":1,"minecraft:raw_iron":4,"minecraft:oak_door":2,"bygonenether:cobbled_blackstone":1,"farmersdelight:tomato_seeds":2,"hexerei:selenite_shard":4,"minecraft:redstone":13,"minecraft:dark_oak_planks":2,"hexerei:sage_seed":2,"minecraft:arrow":16,"minecraft:hay_block":44,"minecraft:yellow_terracotta":2,"minecraft:gold_ingot":12,"minecraft:mutton":11,"minecraft:white_wool":6,"minecraft:glow_ink_sac":3,"minecraft:leather":9,"minecraft:oak_log":9,"minecraft:orange_terracotta":8,"minecraft:red_carpet":20,"minecraft:apple":4,"minecraft:stone_bricks":1,"minecraft:glass_bottle":1,"minecraft:acacia_sapling":3,"minecraft:flowering_azalea":1,"minecraft:dark_oak_stairs":1,"quark:black_corundum":1,"minecraft:book":6,"minecraft:emerald_block":1,"minecraft:red_concrete_powder":2,"minecraft:sweet_berries":4,"minecraft:spruce_sapling":4,"minecraft:spruce_log":17,"minecraft:green_carpet":1,"minecraft:mossy_stone_brick_slab":1,"magistuarmory:wingedhussar_chestplate":1,"immersive_weathering:stone_brick":1,"minecraft:honey_block":2,"minecraft:terracotta":12,"pineapple_delight:pineapple_crop":1,"minecraft:coal":40,"minecraft:sunflower":1},"minecraft:mined":{"minecraft:dark_oak_planks":2,"create:deepslate_zinc_ore":2,"minecraft:spruce_planks":9,"minecraft:orange_wool":1,"minecraft:granite":11,"minecraft:acacia_log":7,"minecraft:grass_block":12,"minecraft:gilded_blackstone":4,"minecraft:spawner":2,"hexerei:selenite_block":1,"minecraft:smooth_stone":6,"minecraft:orange_concrete":4,"minecraft:iron_ore":4,"minecraft:fire":1,"minecraft:deepslate_lapis_ore":1,"quark:black_corundum_cluster":1,"minecraft:dark_oak_stairs":2,"minecraft:iron_bars":2,"hexerei:budding_selenite":1,"cloudstorage:static_cloud":8,"minecraft:player_head":1,"minecraft:deepslate_redstone_ore":3,"minecraft:potted_brown_mushroom":1,"minecraft:blackstone":1,"hexerei:selenite_cluster":1,"cloudstorage:cloud":26,"minecraft:orange_terracotta":8,"minecraft:chiseled_quartz_block":3,"minecraft:light_gray_terracotta":4,"minecraft:melon":5,"minecraft:dead_bush":1,"minecraft:cobblestone":2,"minecraft:iron_door":1,"minecraft:white_terracotta":1,"minecraft:grass":27,"minecraft:oak_log":3,"minecraft:sand":2,"minecraft:dirt":10,"create:crimsite":13,"minecraft:oak_leaves":18,"minecraft:deepslate":26,"minecraft:emerald_block":1,"create:zinc_ore":3,"minecraft:yellow_terracotta":2,"minecraft:tuff":4,"minecraft:red_carpet":3,"minecraft:dark_oak_leaves":4,"minecraft:glow_lichen":3,"minecraft:ladder":6,"minecraft:jungle_planks":4,"minecraft:moss_block":1,"minecraft:hay_block":45,"minecraft:red_concrete_powder":1,"minecraft:polished_blackstone_button":1,"treechop:chopped_log":6,"minecraft:bookshelf":2,"minecraft:cyan_concrete":3,"pineapple_delight:pineapple_wild_crop":1,"minecraft:vine":4,"minecraft:lantern":1,"untamedwilds:flora_cycad":1,"minecraft:stone":29,"minecraft:bone_block":1,"minecraft:oak_slab":1,"minecraft:acacia_leaves":10,"minecraft:gray_concrete":4,"minecraft:stone_brick_slab":1,"minecraft:oak_fence":1,"minecraft:crafting_table":5,"minecraft:honey_block":2,"minecraft:rose_bush":1,"minecraft:copper_ore":2,"minecraft:tall_grass":18,"minecraft:quartz_bricks":1,"minecraft:lapis_ore":4,"minecraft:deepslate_gold_ore":1,"farmersdelight:wild_tomatoes":3,"minecraft:red_concrete":3,"quark:black_corundum":1,"supplementaries:urn":1,"create:redstone_link":1,"minecraft:spruce_stairs":1,"minecraft:coarse_dirt":4,"minecraft:red_terracotta":1,"minecraft:spruce_log":2,"minecraft:coal_ore":32,"minecraft:cocoa":1,"minecraft:sunflower":1,"minecraft:cyan_carpet":2,"minecraft:cracked_stone_bricks":3,"minecraft:terracotta":6,"minecraft:stone_bricks":4,"minecraft:mossy_stone_bricks":1,"minecraft:birch_fence":1,"minecraft:fern":4},"minecraft:killed":{"minecraft:spider":3,"minecraft:skeleton":5,"monsterplus:glow_skeleton":6,"cloudstorage:badloon":5,"simple_mobs:knight_4":1,"dannys_expansion:floam":1,"minecraft:sheep":7,"minecraft:pillager":4,"minecraft:zombie":2,"minecraft:stray":1,"minecraft:cow":8,"minecraft:horse":1,"minecraft:drowned":1,"goblintraders:goblin_trader":1,"minecraft:husk":1,"simple_mobs:knight_2":1},"minecraft:dropped":{"minecraft:brown_mushroom":2,"minecraft:baked_potato":2,"minecraft:glow_ink_sac":1,"minecraft:glass_bottle":2,"minecraft:crafting_table":1,"minecraft:crossbow":1,"create:crimsite":8,"minecraft:red_carpet":20,"minecraft:item_frame":4,"irons_spellbooks:arcane_essence":5,"minecraft:sunflower":1,"minecraft:sand":2,"minecraft:white_wool":3,"minecraft:gold_ingot":12,"minecraft:bone":2,"minecraft:oak_door":1,"minecraft:compass":1,"minecraft:iron_nugget":38,"minecraft:rotten_flesh":2,"minecraft:glowstone_dust":2,"minecraft:mossy_stone_brick_slab":1,"immersive_weathering:stone_brick":1,"hexerei:selenite_block":1,"minecraft:honey_block":2,"pineapple_delight:pineapple_crop":1,"apotheosis:gem":1,"minecraft:acacia_sapling":3,"minecraft:azalea":1,"minecraft:ladder":2,"minecraft:chainmail_boots":1,"minecraft:arrow":8,"farmersdelight:tomato_seeds":2,"minecraft:enchanted_book":2,"minecraft:vine":1,"minecraft:red_concrete_powder":2,"minecraft:yellow_terracotta":2,"minecraft:spectral_arrow":2,"minecraft:granite":19,"minecraft:coal":9,"minecraft:stick":9,"bygonenether:cobbled_blackstone":1,"minecraft:wooden_axe":1,"minecraft:melon_slice":9,"minecraft:rose_bush":4,"minecraft:green_carpet":1,"minecraft:dead_bush":1,"minecraft:flowering_azalea":1,"minecraft:cactus":2,"minecraft:smooth_stone":4,"minecraft:spruce_sapling":4,"hexerei:sage_seed":2,"minecraft:coarse_dirt":4,"minecraft:cocoa_beans":3,"minecraft:light_gray_terracotta":1,"minecraft:bowl":1,"minecraft:tuff":4,"minecraft:white_terracotta":3,"minecraft:red_terracotta":2,"minecraft:filled_map":1,"minecraft:flower_pot":2,"minecraft:orange_terracotta":8,"minecraft:spruce_planks":5,"minecraft:oak_boat":2,"minecraft:oak_sapling":4,"minecraft:slime_ball":1,"minecraft:blue_orchid":2,"cloudstorage:cloud_chest":1,"minecraft:terracotta":12},"minecraft:killed_by":{"minecraft:evoker":2,"minecraft:drowned":1,"minecraft:player":2,"monsterplus:glow_skeleton":2,"minecraft:skeleton":7},"minecraft:broken":{"minecraft:leather_helmet":1,"minecraft:stone_sword":1,"minecraft:wooden_pickaxe":1,"minecraft:iron_axe":1,"jet_and_elias_armors:outrider_set_helmet":1}},"DataVersion":2975}