{"stats":{"minecraft:killed_by":{"minecraft:skeleton":1,"minecraft:drowned":1},"minecraft:picked_up":{"apotheosis:gem":1,"minecraft:cactus":2,"ecologics:prickly_pear":4},"minecraft:custom":{"minecraft:time_since_rest":7570,"minecraft:play_time":15788,"champions:champion_mobs_killed":1,"minecraft:sprint_one_cm":31199,"minecraft:walk_one_cm":33947,"minecraft:damage_taken":709,"minecraft:deaths":2,"minecraft:walk_under_water_one_cm":19417,"minecraft:mob_kills":1,"minecraft:jump":404,"minecraft:damage_dealt":402,"minecraft:time_since_death":7545,"minecraft:walk_on_water_one_cm":57853,"minecraft:total_world_time":15788,"minecraft:swim_one_cm":57834,"minecraft:fall_one_cm":9121,"minecraft:fly_one_cm":86995},"minecraft:killed":{"minecraft:drowned":1},"minecraft:used":{"minecraft:bread":6,"epicfight:uchigatana":27},"minecraft:mined":{"minecraft:grass":2,"minecraft:sand":1,"minecraft:tall_grass":2}},"DataVersion":2975}