{"stats":{"minecraft:used":{"minecraft:beetroot":1,"minecraft:trident":69,"minecraft:stone_sword":132,"minecraft:iron_shovel":7,"minecraft:orange_concrete":4,"minecraft:ladder":3,"minecraft:chest":1,"minecraft:spruce_planks":27,"minecraft:oak_door":1,"minecraft:torch":32,"minecraft:dirt":11,"minecraft:orange_wool":1,"ecologics:prickly_pear":5,"minecraft:granite":2,"minecraft:wooden_axe":34,"farmersdelight:tomato":1,"quark:spruce_chest":1,"minecraft:iron_axe":277,"minecraft:beef":2,"minecraft:sweet_berries":4,"minecraft:furnace":1,"minecraft:cooked_beef":9,"minecraft:acacia_planks":9,"minecraft:cobbled_deepslate":19,"minecraft:beetroot_soup":1,"minecraft:dark_oak_stairs":1,"cloudstorage:balloon":2,"minecraft:cooked_mutton":11,"minecraft:stone_pickaxe":54,"minecraft:oak_planks":1,"minecraft:ender_pearl":8,"minecraft:wooden_pickaxe":58,"minecraft:cracked_stone_bricks":2,"minecraft:sand":1,"quark:azalea_planks":24,"minecraft:crafting_table":8,"minecraft:light_gray_terracotta":3,"minecraft:spruce_log":2,"minecraft:apple":4,"minecraft:bread":48,"minecraft:melon_slice":26,"minecraft:iron_pickaxe":181,"minecraft:cyan_concrete":11,"minecraft:cobblestone":20,"minecraft:pumpkin_pie":7,"minecraft:oak_boat":1,"epicfight:uchigatana":27},"minecraft:custom":{"lootr:looted_stat":16,"minecraft:mob_kills":52,"minecraft:interact_with_crafting_table":21,"minecraft:open_barrel":12,"minecraft:damage_dealt_resisted":652,"minecraft:eat_cake_slice":2,"minecraft:leave_game":1,"minecraft:time_since_death":4191,"minecraft:climb_one_cm":16722,"champions:champion_mobs_killed":28,"minecraft:sprint_one_cm":971915,"minecraft:walk_one_cm":1236149,"minecraft:drop":94,"minecraft:damage_dealt_absorbed":72,"minecraft:play_time":227169,"minecraft:deaths":15,"minecraft:sneak_time":3130,"minecraft:walk_under_water_one_cm":38774,"minecraft:boat_one_cm":328,"minecraft:interact_with_brewingstand":1,"minecraft:jump":5025,"minecraft:walk_on_water_one_cm":109360,"minecraft:total_world_time":227169,"minecraft:interact_with_furnace":19,"minecraft:sleep_in_bed":3,"minecraft:time_since_rest":4271,"minecraft:damage_taken":7527,"minecraft:damage_absorbed":154,"minecraft:damage_dealt":9215,"minecraft:swim_one_cm":86330,"minecraft:fly_one_cm":1183592,"minecraft:player_kills":3,"minecraft:open_chest":113,"minecraft:crouch_one_cm":17635,"minecraft:fall_one_cm":106687},"minecraft:crafted":{"minecraft:oak_planks":12,"minecraft:furnace":1,"minecraft:cooked_mutton":11,"minecraft:stone_pickaxe":1,"minecraft:cooked_beef":16,"minecraft:crafting_table":3,"minecraft:spruce_planks":48,"minecraft:air":516,"minecraft:stick":20,"minecraft:iron_ingot":9,"minecraft:iron_pickaxe":2,"minecraft:acacia_planks":20,"minecraft:torch":4},"minecraft:picked_up":{"minecraft:cocoa_beans":3,"minecraft:crafting_table":5,"minecraft:coarse_dirt":4,"minecraft:ladder":5,"minecraft:flower_pot":2,"minecraft:brown_mushroom":2,"minecraft:gilded_blackstone":4,"hexerei:selenite_block":1,"quark:azalea_log":6,"immersive_weathering:ash_layer_block":1,"minecraft:raw_copper":2,"minecraft:orange_concrete":4,"minecraft:item_frame":4,"minecraft:iron_leggings":1,"minecraft:beetroot_soup":1,"create:redstone_link":1,"minecraft:beetroot":1,"minecraft:cracked_stone_bricks":2,"minecraft:cobbled_deepslate":19,"minecraft:smooth_stone":4,"minecraft:spruce_planks":9,"minecraft:beef":18,"minecraft:oak_boat":2,"minecraft:rose_bush":4,"minecraft:player_head":1,"minecraft:azalea":1,"minecraft:melon_slice":35,"minecraft:raw_iron":4,"minecraft:stick":4,"apotheosis:gem":2,"minecraft:oak_door":2,"bygonenether:cobbled_blackstone":1,"minecraft:acacia_log":7,"farmersdelight:tomato_seeds":2,"hexerei:selenite_shard":4,"minecraft:vine":1,"minecraft:redstone":13,"hexerei:sage_seed":2,"minecraft:dark_oak_planks":2,"cloudstorage:balloon_bit":2,"minecraft:arrow":16,"cloudstorage:cloud_chest":1,"minecraft:rotten_flesh":1,"minecraft:cactus":20,"minecraft:hay_block":44,"minecraft:iron_block":1,"cloudstorage:cloud":13,"minecraft:yellow_terracotta":2,"minecraft:gold_ingot":12,"minecraft:white_terracotta":3,"minecraft:mutton":11,"minecraft:white_wool":6,"minecraft:cobblestone":33,"minecraft:cooked_beef":1,"minecraft:glow_ink_sac":3,"minecraft:leather":9,"paraglider:spirit_orb":1,"quark:black_corundum_cluster":1,"create:raw_zinc":5,"minecraft:tuff":4,"minecraft:oak_log":3,"cloudstorage:static_cloud":7,"minecraft:lapis_lazuli":34,"farmersdelight:tomato":1,"minecraft:dirt":22,"minecraft:orange_terracotta":8,"minecraft:bone":15,"minecraft:red_carpet":20,"minecraft:apple":4,"minecraft:wheat_seeds":1,"minecraft:raw_gold":1,"minecraft:glowstone_dust":4,"minecraft:cyan_concrete":11,"minecraft:flowering_azalea":1,"minecraft:acacia_sapling":3,"minecraft:dark_oak_stairs":1,"quark:black_corundum":1,"minecraft:book":6,"hexerei:animal_fat":4,"simple_mobs:shade_mane":1,"minecraft:emerald_block":1,"minecraft:red_concrete_powder":2,"minecraft:sweet_berries":4,"ecologics:prickly_pear":5,"minecraft:dead_bush":1,"minecraft:sand":1,"minecraft:spruce_sapling":4,"minecraft:spruce_log":17,"minecraft:red_terracotta":2,"minecraft:spectral_arrow":3,"minecraft:mossy_stone_brick_slab":1,"immersive_weathering:stone_brick":1,"minecraft:green_carpet":1,"minecraft:orange_wool":1,"minecraft:light_gray_terracotta":4,"create:crimsite":8,"minecraft:honey_block":2,"minecraft:granite":21,"pineapple_delight:pineapple_crop":1,"minecraft:terracotta":12,"cloudstorage:balloon":2,"minecraft:oak_sapling":3,"minecraft:coal":40,"minecraft:sunflower":1},"minecraft:mined":{"minecraft:yellow_terracotta":2,"minecraft:dark_oak_planks":2,"create:zinc_ore":3,"create:deepslate_zinc_ore":2,"minecraft:red_carpet":3,"minecraft:tuff":4,"minecraft:spruce_planks":9,"minecraft:dark_oak_leaves":4,"minecraft:orange_wool":1,"minecraft:ladder":6,"minecraft:glow_lichen":3,"minecraft:granite":11,"minecraft:acacia_log":7,"minecraft:grass_block":7,"minecraft:jungle_planks":4,"minecraft:moss_block":1,"minecraft:gilded_blackstone":4,"minecraft:spawner":2,"hexerei:selenite_block":1,"minecraft:orange_concrete":4,"minecraft:hay_block":45,"minecraft:smooth_stone":6,"minecraft:red_concrete_powder":1,"minecraft:polished_blackstone_button":1,"minecraft:iron_ore":4,"minecraft:fire":1,"treechop:chopped_log":4,"minecraft:deepslate_lapis_ore":1,"minecraft:dark_oak_stairs":2,"quark:black_corundum_cluster":1,"minecraft:bookshelf":2,"minecraft:cyan_concrete":3,"pineapple_delight:pineapple_wild_crop":1,"minecraft:vine":4,"minecraft:iron_bars":2,"untamedwilds:flora_cycad":1,"minecraft:lantern":1,"hexerei:budding_selenite":1,"cloudstorage:static_cloud":8,"minecraft:stone":29,"minecraft:bone_block":1,"minecraft:player_head":1,"minecraft:deepslate_redstone_ore":3,"minecraft:oak_slab":1,"minecraft:acacia_leaves":10,"minecraft:potted_brown_mushroom":1,"minecraft:blackstone":1,"hexerei:selenite_cluster":1,"cloudstorage:cloud":26,"minecraft:orange_terracotta":8,"minecraft:stone_brick_slab":1,"minecraft:chiseled_quartz_block":3,"minecraft:crafting_table":5,"minecraft:light_gray_terracotta":4,"minecraft:honey_block":2,"minecraft:melon":5,"minecraft:dead_bush":1,"minecraft:rose_bush":1,"minecraft:tall_grass":16,"minecraft:copper_ore":2,"minecraft:cobblestone":2,"minecraft:quartz_bricks":1,"farmersdelight:wild_tomatoes":3,"minecraft:deepslate_gold_ore":1,"minecraft:lapis_ore":4,"minecraft:red_concrete":3,"quark:black_corundum":1,"minecraft:iron_door":1,"supplementaries:urn":1,"create:redstone_link":1,"minecraft:spruce_stairs":1,"minecraft:white_terracotta":1,"minecraft:red_terracotta":1,"minecraft:coarse_dirt":4,"minecraft:spruce_log":2,"minecraft:grass":25,"minecraft:coal_ore":32,"minecraft:oak_log":3,"minecraft:cocoa":1,"minecraft:sunflower":1,"minecraft:cyan_carpet":2,"minecraft:sand":2,"minecraft:dirt":10,"minecraft:cracked_stone_bricks":3,"minecraft:terracotta":6,"minecraft:birch_fence":1,"minecraft:stone_bricks":3,"minecraft:mossy_stone_bricks":1,"create:crimsite":13,"minecraft:oak_leaves":17,"minecraft:deepslate":26,"minecraft:emerald_block":1,"minecraft:fern":4},"minecraft:killed":{"minecraft:spider":3,"minecraft:horse":1,"minecraft:skeleton":5,"monsterplus:glow_skeleton":6,"cloudstorage:badloon":5,"minecraft:drowned":1,"goblintraders:goblin_trader":1,"minecraft:husk":1,"dannys_expansion:floam":1,"minecraft:sheep":7,"minecraft:pillager":4,"minecraft:stray":1,"minecraft:zombie":2,"minecraft:cow":8},"minecraft:dropped":{"minecraft:enchanted_book":2,"minecraft:vine":1,"minecraft:brown_mushroom":2,"minecraft:red_concrete_powder":2,"minecraft:glow_ink_sac":1,"minecraft:crafting_table":1,"minecraft:crossbow":1,"minecraft:yellow_terracotta":2,"minecraft:spectral_arrow":2,"minecraft:granite":19,"create:crimsite":8,"minecraft:coal":9,"minecraft:item_frame":4,"minecraft:red_carpet":20,"minecraft:stick":8,"bygonenether:cobbled_blackstone":1,"minecraft:wooden_axe":1,"minecraft:rose_bush":4,"minecraft:melon_slice":9,"minecraft:dead_bush":1,"minecraft:flowering_azalea":1,"minecraft:green_carpet":1,"minecraft:sand":2,"minecraft:sunflower":1,"minecraft:smooth_stone":4,"minecraft:cactus":2,"minecraft:white_wool":3,"minecraft:spruce_sapling":4,"minecraft:gold_ingot":12,"minecraft:bone":2,"minecraft:oak_door":1,"minecraft:compass":1,"hexerei:sage_seed":2,"minecraft:iron_nugget":38,"minecraft:cocoa_beans":3,"minecraft:bowl":1,"minecraft:coarse_dirt":4,"minecraft:light_gray_terracotta":1,"minecraft:tuff":4,"minecraft:rotten_flesh":1,"minecraft:mossy_stone_brick_slab":1,"minecraft:glowstone_dust":2,"minecraft:white_terracotta":3,"immersive_weathering:stone_brick":1,"hexerei:selenite_block":1,"minecraft:red_terracotta":2,"minecraft:flower_pot":2,"minecraft:ladder":2,"minecraft:azalea":1,"minecraft:orange_terracotta":8,"minecraft:spruce_planks":5,"pineapple_delight:pineapple_crop":1,"minecraft:acacia_sapling":3,"minecraft:honey_block":2,"minecraft:chainmail_boots":1,"minecraft:oak_boat":2,"apotheosis:gem":1,"minecraft:oak_sapling":3,"minecraft:slime_ball":1,"minecraft:arrow":8,"cloudstorage:cloud_chest":1,"minecraft:blue_orchid":2,"farmersdelight:tomato_seeds":2,"minecraft:terracotta":12},"minecraft:killed_by":{"minecraft:player":2,"minecraft:drowned":1,"monsterplus:glow_skeleton":2,"minecraft:skeleton":7,"minecraft:evoker":1},"minecraft:broken":{"minecraft:stone_sword":1,"minecraft:wooden_pickaxe":1,"minecraft:iron_axe":1}},"DataVersion":2975}