{"stats":{"minecraft:killed_by":{"minecraft:drowned":1,"minecraft:skeleton":1},"minecraft:picked_up":{"minecraft:stick":2,"minecraft:crafting_table":2,"apotheosis:gem":1,"ecologics:prickly_pear":5,"quark:azalea_log":6,"minecraft:spruce_sapling":1,"minecraft:spruce_log":7,"minecraft:green_carpet":1,"minecraft:orange_wool":1,"minecraft:orange_concrete":1,"minecraft:light_gray_terracotta":3,"minecraft:cactus":2,"minecraft:rose_bush":1,"minecraft:azalea":1,"minecraft:melon_slice":10,"pineapple_delight:pineapple_crop":1,"minecraft:flowering_azalea":1,"minecraft:cobblestone":6,"minecraft:sunflower":1},"minecraft:crafted":{"minecraft:spruce_planks":20,"minecraft:stick":4,"minecraft:air":30},"minecraft:custom":{"minecraft:time_since_rest":19570,"lootr:looted_stat":3,"minecraft:sprint_one_cm":82470,"champions:champion_mobs_killed":1,"minecraft:damage_taken":891,"minecraft:walk_one_cm":96475,"minecraft:damage_absorbed":4,"minecraft:mob_kills":1,"minecraft:damage_dealt":431,"minecraft:swim_one_cm":59173,"minecraft:interact_with_crafting_table":5,"minecraft:fly_one_cm":178322,"minecraft:crouch_one_cm":153,"minecraft:play_time":27788,"minecraft:deaths":2,"minecraft:sneak_time":23,"minecraft:walk_under_water_one_cm":19949,"minecraft:jump":793,"minecraft:walk_on_water_one_cm":60322,"minecraft:time_since_death":19545,"minecraft:total_world_time":27788,"minecraft:fall_one_cm":17085},"minecraft:killed":{"minecraft:drowned":1},"minecraft:used":{"minecraft:wooden_axe":9,"minecraft:iron_axe":7,"minecraft:melon_slice":7,"minecraft:bread":7,"minecraft:wooden_pickaxe":11,"quark:azalea_planks":24,"minecraft:crafting_table":2,"ecologics:prickly_pear":5,"epicfight:uchigatana":27},"minecraft:mined":{"minecraft:yellow_terracotta":1,"minecraft:orange_concrete":1,"minecraft:orange_wool":1,"treechop:chopped_log":2,"minecraft:crafting_table":2,"minecraft:glow_lichen":1,"minecraft:light_gray_terracotta":3,"minecraft:grass":2,"minecraft:jungle_planks":4,"minecraft:melon":2,"pineapple_delight:pineapple_wild_crop":1,"minecraft:rose_bush":1,"minecraft:sunflower":1,"minecraft:cyan_carpet":2,"minecraft:sand":1,"minecraft:tall_grass":2,"minecraft:stone":4,"minecraft:bone_block":1}},"DataVersion":2975}