{"stats":{"minecraft:used":{"minecraft:dark_oak_stairs":1,"minecraft:stone_sword":75,"minecraft:iron_shovel":6,"minecraft:orange_concrete":4,"minecraft:stone_pickaxe":35,"minecraft:spruce_planks":5,"minecraft:wooden_pickaxe":58,"minecraft:torch":2,"minecraft:sand":1,"quark:azalea_planks":24,"minecraft:crafting_table":4,"minecraft:light_gray_terracotta":3,"minecraft:orange_wool":1,"ecologics:prickly_pear":5,"minecraft:spruce_log":2,"minecraft:wooden_axe":18,"minecraft:iron_axe":32,"minecraft:melon_slice":10,"minecraft:bread":11,"minecraft:cyan_concrete":11,"minecraft:pumpkin_pie":7,"minecraft:cooked_beef":1,"minecraft:acacia_planks":8,"epicfight:uchigatana":27},"minecraft:killed":{"minecraft:skeleton":5,"monsterplus:glow_skeleton":1,"minecraft:pillager":1,"minecraft:drowned":1},"minecraft:crafted":{"minecraft:crafting_table":2,"minecraft:spruce_planks":44,"minecraft:air":47,"minecraft:stick":8,"minecraft:stone_pickaxe":1,"minecraft:acacia_planks":4,"minecraft:torch":4},"minecraft:dropped":{"minecraft:coarse_dirt":4,"minecraft:light_gray_terracotta":1,"minecraft:crafting_table":1,"minecraft:yellow_terracotta":2,"minecraft:white_terracotta":3,"minecraft:azalea":1,"pineapple_delight:pineapple_crop":1,"minecraft:rose_bush":4,"apotheosis:gem":1,"minecraft:green_carpet":1,"minecraft:slime_ball":1,"minecraft:sunflower":1,"minecraft:flowering_azalea":1,"minecraft:blue_orchid":2,"minecraft:cactus":2,"minecraft:spruce_sapling":4,"minecraft:terracotta":12},"minecraft:mined":{"minecraft:dark_oak_planks":2,"minecraft:yellow_terracotta":2,"minecraft:acacia_leaves":1,"minecraft:spruce_planks":2,"minecraft:blackstone":1,"minecraft:orange_terracotta":8,"minecraft:orange_wool":1,"minecraft:crafting_table":3,"minecraft:glow_lichen":1,"minecraft:light_gray_terracotta":4,"minecraft:granite":5,"minecraft:acacia_log":3,"minecraft:jungle_planks":4,"minecraft:melon":2,"minecraft:dead_bush":1,"minecraft:rose_bush":1,"minecraft:copper_ore":2,"minecraft:cobblestone":2,"minecraft:tall_grass":2,"minecraft:red_concrete":3,"minecraft:red_terracotta":1,"minecraft:white_terracotta":1,"minecraft:coarse_dirt":4,"minecraft:spruce_stairs":1,"minecraft:orange_concrete":4,"minecraft:red_concrete_powder":1,"minecraft:iron_ore":4,"treechop:chopped_log":3,"minecraft:dark_oak_stairs":2,"minecraft:grass":3,"minecraft:coal_ore":21,"minecraft:cyan_concrete":3,"pineapple_delight:pineapple_wild_crop":1,"minecraft:sunflower":1,"minecraft:cyan_carpet":2,"minecraft:sand":2,"minecraft:terracotta":6,"minecraft:stone":19,"minecraft:bone_block":1,"minecraft:player_head":1},"minecraft:broken":{"minecraft:wooden_pickaxe":1},"minecraft:killed_by":{"minecraft:skeleton":5,"minecraft:drowned":1},"minecraft:custom":{"lootr:looted_stat":8,"minecraft:mob_kills":8,"minecraft:interact_with_crafting_table":8,"minecraft:time_since_death":8559,"minecraft:climb_one_cm":1194,"minecraft:time_since_rest":8590,"champions:champion_mobs_killed":8,"minecraft:sprint_one_cm":187847,"minecraft:walk_one_cm":275634,"minecraft:damage_taken":2539,"minecraft:damage_absorbed":6,"minecraft:drop":23,"minecraft:damage_dealt":2011,"minecraft:swim_one_cm":61183,"minecraft:damage_dealt_absorbed":54,"minecraft:player_kills":2,"minecraft:fly_one_cm":271405,"minecraft:open_chest":4,"minecraft:crouch_one_cm":2459,"minecraft:play_time":63804,"minecraft:sneak_time":561,"minecraft:deaths":6,"minecraft:walk_under_water_one_cm":20639,"minecraft:jump":1231,"minecraft:walk_on_water_one_cm":77358,"minecraft:total_world_time":63804,"minecraft:fall_one_cm":27936},"minecraft:picked_up":{"minecraft:coarse_dirt":4,"minecraft:crafting_table":3,"minecraft:cooked_beef":1,"minecraft:glow_ink_sac":1,"quark:azalea_log":6,"minecraft:raw_copper":2,"minecraft:orange_concrete":4,"minecraft:orange_terracotta":4,"minecraft:iron_leggings":1,"minecraft:bone":5,"minecraft:spruce_planks":2,"minecraft:rose_bush":4,"minecraft:player_head":1,"minecraft:azalea":1,"minecraft:glowstone_dust":1,"minecraft:melon_slice":10,"minecraft:cyan_concrete":11,"minecraft:flowering_azalea":1,"minecraft:dark_oak_stairs":1,"minecraft:raw_iron":4,"minecraft:stick":2,"apotheosis:gem":1,"minecraft:red_concrete_powder":1,"bygonenether:cobbled_blackstone":1,"ecologics:prickly_pear":5,"minecraft:acacia_log":3,"minecraft:sand":1,"minecraft:spruce_sapling":4,"minecraft:spruce_log":13,"minecraft:green_carpet":1,"minecraft:red_terracotta":1,"minecraft:orange_wool":1,"minecraft:dark_oak_planks":2,"minecraft:light_gray_terracotta":4,"minecraft:cactus":2,"minecraft:arrow":8,"minecraft:granite":3,"minecraft:yellow_terracotta":2,"minecraft:white_terracotta":3,"minecraft:terracotta":12,"pineapple_delight:pineapple_crop":1,"minecraft:coal":21,"minecraft:cobblestone":23,"minecraft:sunflower":1}},"DataVersion":2975}