{"stats":{"minecraft:used":{"minecraft:wooden_axe":21,"minecraft:bread":1,"minecraft:wooden_pickaxe":11,"minecraft:bow":38,"minecraft:crafting_table":2},"minecraft:crafted":{"minecraft:air":42},"minecraft:killed":{"minecraft:skeleton":4,"minecraft:zombie":1},"minecraft:dropped":{"minecraft:bread":2},"minecraft:mined":{"minecraft:white_terracotta":1,"minecraft:yellow_terracotta":1,"minecraft:red_terracotta":1,"minecraft:orange_terracotta":2,"minecraft:spruce_log":1,"treechop:chopped_log":4,"minecraft:crafting_table":1,"minecraft:light_gray_terracotta":1,"minecraft:red_sand":1,"minecraft:stripped_crimson_hyphae":1,"minecraft:terracotta":5},"minecraft:killed_by":{"minecraft:pillager":2},"minecraft:custom":{"minecraft:time_since_rest":6464,"minecraft:sprint_one_cm":15210,"champions:champion_mobs_killed":5,"minecraft:damage_taken":536,"minecraft:walk_one_cm":60911,"minecraft:mob_kills":6,"minecraft:drop":2,"minecraft:interact_with_crafting_table":4,"minecraft:fly_one_cm":14275,"minecraft:crouch_one_cm":1223,"minecraft:play_time":16034,"minecraft:deaths":2,"minecraft:sneak_time":339,"minecraft:jump":80,"minecraft:time_since_death":6438,"minecraft:total_world_time":16034,"minecraft:fall_one_cm":3689},"minecraft:picked_up":{"minecraft:crafting_table":1,"minecraft:stick":13,"minecraft:stripped_crimson_hyphae":1,"minecraft:lead":2,"minecraft:enchanted_book":1,"minecraft:spruce_sapling":19,"minecraft:spruce_log":73,"minecraft:red_terracotta":1,"minecraft:orange_terracotta":2,"minecraft:light_gray_terracotta":1,"minecraft:bone":3,"minecraft:rotten_flesh":1,"minecraft:red_sand":1,"minecraft:iron_ingot":15,"minecraft:yellow_terracotta":1,"minecraft:iron_nugget":64,"minecraft:white_terracotta":1,"minecraft:terracotta":5,"minecraft:bricks":1}},"DataVersion":2975}