{"stats":{"minecraft:used":{"minecraft:spruce_planks":26,"minecraft:wooden_pickaxe":11,"minecraft:torch":5,"minecraft:crafting_table":2,"minecraft:wooden_axe":22,"minecraft:iron_axe":21,"minecraft:bread":8,"minecraft:iron_pickaxe":117,"minecraft:bow":53},"minecraft:killed":{"minecraft:skeleton":7,"monsterplus:glow_skeleton":1,"minecraft:pillager":1,"tinyskeletons:baby_skeleton":1,"minecraft:zombie":2},"minecraft:crafted":{"minecraft:air":70},"minecraft:dropped":{"minecraft:bread":2,"minecraft:light_gray_terracotta":1,"minecraft:yellow_terracotta":1,"minecraft:white_terracotta":1,"minecraft:red_terracotta":1},"minecraft:mined":{"create:zinc_ore":12,"minecraft:yellow_terracotta":1,"minecraft:spruce_planks":6,"minecraft:orange_terracotta":2,"minecraft:crafting_table":1,"minecraft:glow_lichen":1,"minecraft:light_gray_terracotta":1,"minecraft:granite":25,"minecraft:stripped_crimson_hyphae":1,"minecraft:red_sand":1,"minecraft:copper_ore":2,"minecraft:sandstone":9,"minecraft:spawner":1,"minecraft:white_terracotta":1,"minecraft:red_terracotta":1,"minecraft:yellow_wool":1,"minecraft:iron_ore":1,"minecraft:spruce_log":1,"treechop:chopped_log":4,"minecraft:coal_ore":2,"minecraft:sand":2,"minecraft:terracotta":5,"minecraft:stone":20,"minecraft:deepslate":42},"minecraft:killed_by":{"minecraft:skeleton":1,"minecraft:pillager":3},"minecraft:custom":{"minecraft:mob_kills":14,"minecraft:interact_with_crafting_table":4,"minecraft:time_since_death":6980,"minecraft:time_since_rest":7003,"champions:champion_mobs_killed":12,"minecraft:sprint_one_cm":58653,"minecraft:damage_taken":1356,"minecraft:walk_one_cm":121624,"minecraft:drop":6,"minecraft:damage_dealt":744,"minecraft:damage_dealt_absorbed":153,"minecraft:fly_one_cm":64829,"minecraft:player_kills":1,"minecraft:crouch_one_cm":1843,"minecraft:play_time":28034,"minecraft:deaths":4,"minecraft:sneak_time":411,"minecraft:walk_under_water_one_cm":172,"minecraft:jump":327,"minecraft:walk_on_water_one_cm":5213,"minecraft:total_world_time":28034,"minecraft:fall_one_cm":9853},"minecraft:picked_up":{"minecraft:crafting_table":1,"minecraft:yellow_wool":1,"minecraft:lead":2,"minecraft:enchanted_book":1,"create:raw_zinc":12,"minecraft:raw_copper":9,"minecraft:orange_terracotta":2,"minecraft:bone":7,"minecraft:red_sand":1,"minecraft:cobbled_deepslate":6,"minecraft:spruce_planks":6,"minecraft:iron_ingot":15,"minecraft:iron_nugget":64,"minecraft:sandstone":9,"minecraft:stripped_crimson_hyphae":1,"minecraft:stick":13,"minecraft:sand":2,"minecraft:spruce_sapling":19,"minecraft:spruce_log":73,"minecraft:red_terracotta":1,"minecraft:light_gray_terracotta":1,"minecraft:rotten_flesh":1,"minecraft:granite":25,"minecraft:yellow_terracotta":1,"minecraft:white_terracotta":1,"minecraft:terracotta":5,"minecraft:red_concrete":1,"minecraft:bricks":1,"minecraft:coal":2,"minecraft:cobblestone":20}},"DataVersion":2975}