{"stats":{"minecraft:used":{"minecraft:mossy_stone_bricks":1,"minecraft:end_rod":2,"minecraft:red_concrete":1,"minecraft:spruce_planks":31,"minecraft:wooden_pickaxe":13,"minecraft:sandstone":9,"minecraft:cracked_stone_bricks":1,"minecraft:torch":6,"minecraft:crafting_table":2,"minecraft:mushroom_stew":1,"minecraft:carrot":8,"minecraft:wooden_axe":22,"minecraft:bricks":1,"minecraft:iron_axe":71,"minecraft:bread":8,"minecraft:iron_pickaxe":168,"minecraft:yellow_wool":2,"minecraft:cobblestone":6,"minecraft:bow":63,"minecraft:cooked_porkchop":4,"minecraft:cobbled_deepslate":7},"minecraft:crafted":{"minecraft:air":70},"minecraft:killed":{"creeperoverhaul:beach_creeper":1,"monsterplus:crystal_zombie":1,"minecraft:skeleton":9,"monsterplus:glow_skeleton":2,"minecraft:pillager":1,"tinyskeletons:baby_skeleton":1,"minecraft:zombie":3,"creeperoverhaul:savannah_creeper":1},"minecraft:dropped":{"minecraft:bread":2,"minecraft:iron_nugget":1,"minecraft:bowl":1,"minecraft:smooth_stone_slab":5,"minecraft:light_gray_terracotta":1,"minecraft:yellow_terracotta":1,"minecraft:glowstone_dust":2,"minecraft:white_terracotta":1,"minecraft:red_terracotta":1},"minecraft:mined":{"create:zinc_ore":12,"minecraft:yellow_terracotta":1,"minecraft:spruce_planks":6,"minecraft:glass_pane":2,"minecraft:dark_oak_leaves":5,"minecraft:cobblestone_stairs":1,"minecraft:orange_terracotta":2,"minecraft:stone_brick_slab":1,"minecraft:crafting_table":1,"minecraft:glow_lichen":1,"minecraft:light_gray_terracotta":1,"minecraft:granite":25,"minecraft:stripped_crimson_hyphae":1,"minecraft:red_sand":1,"minecraft:oak_wood":1,"minecraft:tall_grass":1,"minecraft:copper_ore":2,"minecraft:sugar_cane":4,"minecraft:sandstone":9,"minecraft:spawner":1,"minecraft:smooth_stone":2,"minecraft:white_terracotta":1,"minecraft:red_terracotta":1,"minecraft:carrots":1,"minecraft:yellow_wool":2,"minecraft:iron_ore":1,"minecraft:spruce_log":1,"treechop:chopped_log":4,"minecraft:smooth_stone_slab":4,"minecraft:bookshelf":9,"minecraft:coal_ore":2,"minecraft:flowering_azalea_leaves":1,"minecraft:vine":1,"minecraft:end_rod":2,"minecraft:sand":2,"minecraft:cracked_stone_bricks":1,"minecraft:terracotta":5,"minecraft:stone_bricks":6,"minecraft:stone":20,"minecraft:mossy_stone_bricks":2,"minecraft:oak_leaves":5,"minecraft:deepslate":43},"minecraft:killed_by":{"minecraft:skeleton":2,"minecraft:pillager":3},"minecraft:custom":{"minecraft:mob_kills":21,"minecraft:interact_with_crafting_table":4,"minecraft:open_barrel":4,"minecraft:damage_dealt_resisted":359,"minecraft:time_since_death":20897,"minecraft:climb_one_cm":5906,"minecraft:damage_absorbed":4,"minecraft:time_since_rest":20924,"champions:champion_mobs_killed":19,"minecraft:sprint_one_cm":175804,"minecraft:damage_taken":2037,"minecraft:walk_one_cm":296337,"minecraft:drop":11,"minecraft:damage_dealt":1819,"minecraft:damage_dealt_absorbed":189,"minecraft:fly_one_cm":228254,"minecraft:player_kills":1,"minecraft:open_chest":26,"minecraft:crouch_one_cm":2841,"minecraft:play_time":52034,"minecraft:deaths":5,"minecraft:sneak_time":593,"minecraft:walk_under_water_one_cm":600,"minecraft:jump":1006,"minecraft:walk_on_water_one_cm":7414,"minecraft:total_world_time":52034,"minecraft:fall_one_cm":28543},"minecraft:picked_up":{"minecraft:crafting_table":1,"dawncraft:crystallized_xp":1,"minecraft:glow_ink_sac":2,"minecraft:yellow_wool":2,"minecraft:lead":2,"minecraft:enchanted_book":1,"paraglider:spirit_orb":1,"create:raw_zinc":12,"minecraft:cobblestone_stairs":1,"minecraft:raw_copper":9,"minecraft:smooth_stone_slab":5,"minecraft:orange_terracotta":2,"minecraft:red_carpet":1,"minecraft:bone":10,"minecraft:beetroot":2,"minecraft:stone_bricks":4,"minecraft:cracked_stone_bricks":1,"minecraft:red_sand":1,"minecraft:cobbled_deepslate":7,"minecraft:spruce_planks":6,"minecraft:iron_ingot":15,"minecraft:cobweb":5,"minecraft:mossy_stone_bricks":2,"minecraft:iron_nugget":102,"minecraft:glowstone_dust":2,"minecraft:sugar_cane":7,"minecraft:dark_oak_slab":1,"minecraft:book":27,"minecraft:sandstone":9,"minecraft:stripped_crimson_hyphae":1,"minecraft:stick":13,"ba_bt:monolith_key_land":1,"minecraft:sand":4,"minecraft:spruce_sapling":19,"minecraft:spruce_log":73,"minecraft:carrot":7,"minecraft:red_terracotta":1,"minecraft:light_gray_terracotta":1,"minecraft:rotten_flesh":3,"minecraft:deepslate":1,"monsterplus:crystal_shard":1,"minecraft:granite":25,"minecraft:yellow_terracotta":1,"minecraft:end_rod":2,"minecraft:white_terracotta":1,"minecraft:terracotta":5,"minecraft:red_concrete":1,"minecraft:bricks":1,"minecraft:coal":2,"minecraft:cobblestone":20}},"DataVersion":2975}