{"stats":{"minecraft:used":{"minecraft:red_concrete":1,"minecraft:spruce_planks":249,"minecraft:torch":6,"minecraft:dirt":4,"minecraft:carrot":15,"minecraft:granite":25,"minecraft:wooden_axe":22,"cloudstorage:cloud":2,"minecraft:bricks":1,"cloudstorage:cloud_chest":1,"minecraft:iron_axe":105,"minecraft:golden_carrot":2,"minecraft:bow":67,"minecraft:cooked_beef":1,"minecraft:cobbled_deepslate":7,"minecraft:mossy_stone_bricks":2,"minecraft:end_rod":2,"minecraft:wooden_pickaxe":13,"minecraft:sandstone":9,"minecraft:cracked_stone_bricks":1,"minecraft:cookie":2,"minecraft:sand":2,"minecraft:crafting_table":2,"minecraft:mushroom_stew":1,"minecraft:stone_brick_wall":1,"minecraft:bread":8,"minecraft:iron_pickaxe":193,"minecraft:yellow_wool":2,"minecraft:cobblestone":18,"minecraft:cooked_porkchop":4,"minecraft:cooked_rabbit":1},"minecraft:crafted":{"minecraft:air":335},"minecraft:killed":{"creeperoverhaul:beach_creeper":1,"monsterplus:crystal_zombie":1,"minecraft:skeleton":9,"monsterplus:glow_skeleton":2,"cloudstorage:bloviator":2,"minecraft:pillager":1,"tinyskeletons:baby_skeleton":1,"minecraft:zombie":4,"creeperoverhaul:savannah_creeper":1},"minecraft:dropped":{"minecraft:bread":2,"minecraft:yellow_terracotta":1,"minecraft:cobblestone":2,"ba_bt:monolith_key_land":1,"minecraft:iron_nugget":1,"minecraft:smooth_stone_slab":5,"minecraft:light_gray_terracotta":1,"minecraft:bowl":1,"minecraft:glowstone_dust":2,"minecraft:white_terracotta":1,"minecraft:red_terracotta":1,"minecraft:beetroot_seeds":16,"minecraft:ladder":1,"jet_and_elias_armors:highlander_set_chestplate":1,"cloudstorage:balloon":1},"minecraft:mined":{"create:zinc_ore":12,"minecraft:yellow_terracotta":1,"minecraft:spruce_planks":6,"minecraft:dark_oak_leaves":12,"minecraft:mossy_stone_brick_slab":1,"minecraft:cobblestone_stairs":1,"minecraft:granite":25,"minecraft:glow_lichen":1,"minecraft:ladder":1,"minecraft:red_sand":1,"minecraft:stripped_crimson_hyphae":1,"minecraft:stone_brick_wall":1,"minecraft:sandstone":9,"minecraft:spawner":2,"minecraft:smooth_stone":2,"minecraft:spore_blossom":1,"minecraft:carrots":2,"minecraft:iron_ore":1,"treechop:chopped_log":4,"minecraft:gold_block":1,"minecraft:bookshelf":19,"minecraft:vine":2,"minecraft:cobblestone_slab":1,"minecraft:flowering_azalea_leaves":1,"minecraft:stone":20,"minecraft:iron_block":1,"minecraft:oak_slab":1,"minecraft:glass_pane":2,"minecraft:quartz_block":1,"cloudstorage:cloud":8,"minecraft:orange_terracotta":2,"minecraft:stone_brick_slab":1,"minecraft:chiseled_quartz_block":1,"minecraft:crafting_table":1,"minecraft:light_gray_terracotta":1,"minecraft:oak_wood":3,"minecraft:tall_grass":1,"minecraft:glass":1,"minecraft:copper_ore":2,"minecraft:sugar_cane":4,"minecraft:white_terracotta":1,"minecraft:red_terracotta":1,"minecraft:lapis_block":1,"minecraft:yellow_wool":2,"minecraft:spruce_log":1,"cloudstorage:cloud_chest":2,"minecraft:smooth_stone_slab":4,"minecraft:coal_ore":2,"minecraft:end_rod":2,"minecraft:sand":2,"minecraft:cracked_stone_bricks":1,"minecraft:terracotta":5,"minecraft:stone_bricks":9,"minecraft:mossy_stone_bricks":2,"minecraft:oak_leaves":11,"minecraft:deepslate":43,"minecraft:emerald_block":1},"minecraft:killed_by":{"minecraft:player":1,"minecraft:pillager":3,"minecraft:skeleton":3},"minecraft:custom":{"lootr:looted_stat":1,"minecraft:mob_kills":24,"minecraft:interact_with_crafting_table":4,"minecraft:open_barrel":10,"minecraft:damage_dealt_resisted":359,"minecraft:leave_game":3,"minecraft:time_since_death":5690,"minecraft:climb_one_cm":7274,"minecraft:sprint_one_cm":261767,"champions:champion_mobs_killed":22,"minecraft:walk_one_cm":405616,"minecraft:drop":19,"minecraft:damage_dealt_absorbed":189,"minecraft:play_time":75825,"minecraft:sneak_time":4921,"minecraft:deaths":8,"minecraft:walk_under_water_one_cm":8933,"minecraft:jump":1545,"minecraft:walk_on_water_one_cm":8238,"minecraft:total_world_time":75825,"minecraft:sleep_in_bed":1,"minecraft:time_since_rest":5852,"minecraft:damage_taken":3042,"minecraft:damage_absorbed":54,"minecraft:damage_dealt":2047,"minecraft:swim_one_cm":4165,"minecraft:fly_one_cm":320316,"minecraft:player_kills":1,"minecraft:open_chest":40,"minecraft:crouch_one_cm":36692,"minecraft:fall_one_cm":34776},"minecraft:picked_up":{"minecraft:crafting_table":1,"dawncraft:crystallized_xp":1,"minecraft:wheat":1,"minecraft:ladder":1,"minecraft:yellow_wool":2,"minecraft:lead":2,"minecraft:stone_brick_wall":1,"minecraft:gold_block":1,"minecraft:enchanted_book":1,"minecraft:lapis_block":1,"minecraft:raw_copper":9,"minecraft:smooth_stone_slab":5,"minecraft:beetroot":5,"minecraft:cracked_stone_bricks":1,"minecraft:red_sand":1,"minecraft:cobbled_deepslate":7,"minecraft:spruce_planks":8,"minecraft:iron_nugget":102,"minecraft:sugar_cane":7,"minecraft:stick":13,"minecraft:stripped_crimson_hyphae":1,"minecraft:sandstone":9,"minecraft:carrot":16,"cloudstorage:cloud_chest":1,"quark:clear_shard":7,"minecraft:rotten_flesh":3,"minecraft:beetroot_seeds":24,"minecraft:yellow_terracotta":1,"cloudstorage:cloud":11,"minecraft:end_rod":2,"minecraft:white_terracotta":1,"minecraft:cobblestone":20,"minecraft:feather":1,"minecraft:glow_ink_sac":2,"minecraft:chiseled_quartz_block":1,"minecraft:potato":8,"paraglider:spirit_orb":1,"create:raw_zinc":12,"minecraft:cobblestone_stairs":1,"minecraft:dirt":5,"minecraft:orange_terracotta":2,"minecraft:red_carpet":1,"minecraft:bone":10,"minecraft:stone_bricks":4,"minecraft:iron_ingot":15,"minecraft:cobweb":5,"minecraft:mossy_stone_bricks":2,"jet_and_elias_armors:highlander_set_chestplate":1,"minecraft:glowstone_dust":2,"minecraft:book":57,"minecraft:dark_oak_slab":1,"minecraft:emerald_block":1,"minecraft:sand":4,"ba_bt:monolith_key_land":1,"minecraft:spruce_sapling":19,"minecraft:spruce_log":73,"minecraft:red_terracotta":1,"minecraft:light_gray_terracotta":1,"minecraft:deepslate":1,"monsterplus:crystal_shard":1,"minecraft:granite":25,"minecraft:terracotta":5,"minecraft:red_concrete":1,"minecraft:bricks":1,"minecraft:coal":2}},"DataVersion":2975}