{"stats":{"minecraft:used":{"minecraft:mossy_stone_bricks":1,"minecraft:end_rod":1,"minecraft:red_concrete":1,"minecraft:spruce_planks":31,"minecraft:wooden_pickaxe":13,"minecraft:sandstone":9,"minecraft:torch":6,"minecraft:crafting_table":2,"minecraft:carrot":5,"minecraft:wooden_axe":22,"minecraft:bricks":1,"minecraft:iron_axe":68,"minecraft:bread":8,"minecraft:iron_pickaxe":160,"minecraft:yellow_wool":2,"minecraft:cobblestone":6,"minecraft:bow":63,"minecraft:cobbled_deepslate":7},"minecraft:crafted":{"minecraft:air":70},"minecraft:killed":{"monsterplus:crystal_zombie":1,"minecraft:skeleton":9,"monsterplus:glow_skeleton":2,"minecraft:pillager":1,"tinyskeletons:baby_skeleton":1,"minecraft:zombie":3,"creeperoverhaul:savannah_creeper":1},"minecraft:dropped":{"minecraft:bread":2,"minecraft:iron_nugget":1,"minecraft:smooth_stone_slab":5,"minecraft:light_gray_terracotta":1,"minecraft:yellow_terracotta":1,"minecraft:glowstone_dust":2,"minecraft:white_terracotta":1,"minecraft:red_terracotta":1},"minecraft:mined":{"create:zinc_ore":12,"minecraft:yellow_terracotta":1,"minecraft:spruce_planks":6,"minecraft:glass_pane":2,"minecraft:dark_oak_leaves":2,"minecraft:cobblestone_stairs":1,"minecraft:orange_terracotta":2,"minecraft:stone_brick_slab":1,"minecraft:crafting_table":1,"minecraft:glow_lichen":1,"minecraft:light_gray_terracotta":1,"minecraft:granite":25,"minecraft:stripped_crimson_hyphae":1,"minecraft:red_sand":1,"minecraft:tall_grass":1,"minecraft:copper_ore":2,"minecraft:sugar_cane":4,"minecraft:sandstone":9,"minecraft:spawner":1,"minecraft:smooth_stone":1,"minecraft:white_terracotta":1,"minecraft:red_terracotta":1,"minecraft:carrots":1,"minecraft:yellow_wool":2,"minecraft:iron_ore":1,"minecraft:spruce_log":1,"treechop:chopped_log":4,"minecraft:smooth_stone_slab":4,"minecraft:bookshelf":9,"minecraft:coal_ore":2,"minecraft:vine":1,"minecraft:end_rod":1,"minecraft:sand":2,"minecraft:cracked_stone_bricks":1,"minecraft:terracotta":5,"minecraft:stone_bricks":6,"minecraft:stone":20,"minecraft:mossy_stone_bricks":2,"minecraft:oak_leaves":3,"minecraft:deepslate":43},"minecraft:killed_by":{"minecraft:skeleton":2,"minecraft:pillager":3},"minecraft:custom":{"minecraft:mob_kills":20,"minecraft:interact_with_crafting_table":4,"minecraft:damage_dealt_resisted":359,"minecraft:time_since_death":8897,"minecraft:climb_one_cm":3534,"minecraft:time_since_rest":8924,"champions:champion_mobs_killed":18,"minecraft:sprint_one_cm":106790,"minecraft:damage_taken":1661,"minecraft:walk_one_cm":193101,"minecraft:drop":10,"minecraft:damage_dealt":1696,"minecraft:damage_dealt_absorbed":153,"minecraft:fly_one_cm":154966,"minecraft:player_kills":1,"minecraft:open_chest":6,"minecraft:crouch_one_cm":2084,"minecraft:play_time":40034,"minecraft:deaths":5,"minecraft:sneak_time":425,"minecraft:walk_under_water_one_cm":172,"minecraft:jump":674,"minecraft:walk_on_water_one_cm":6024,"minecraft:total_world_time":40034,"minecraft:fall_one_cm":17103},"minecraft:picked_up":{"minecraft:crafting_table":1,"minecraft:glow_ink_sac":2,"minecraft:yellow_wool":2,"minecraft:lead":2,"minecraft:enchanted_book":1,"paraglider:spirit_orb":1,"create:raw_zinc":12,"minecraft:cobblestone_stairs":1,"minecraft:raw_copper":9,"minecraft:smooth_stone_slab":5,"minecraft:orange_terracotta":2,"minecraft:red_carpet":1,"minecraft:bone":10,"minecraft:beetroot":2,"minecraft:stone_bricks":4,"minecraft:red_sand":1,"minecraft:cobbled_deepslate":7,"minecraft:spruce_planks":6,"minecraft:iron_ingot":15,"minecraft:mossy_stone_bricks":2,"minecraft:iron_nugget":64,"minecraft:glowstone_dust":2,"minecraft:sugar_cane":7,"minecraft:book":27,"minecraft:sandstone":9,"minecraft:stripped_crimson_hyphae":1,"minecraft:stick":13,"minecraft:sand":2,"minecraft:spruce_sapling":19,"minecraft:spruce_log":73,"minecraft:carrot":5,"minecraft:red_terracotta":1,"minecraft:light_gray_terracotta":1,"minecraft:rotten_flesh":2,"minecraft:deepslate":1,"monsterplus:crystal_shard":1,"minecraft:granite":25,"minecraft:yellow_terracotta":1,"minecraft:end_rod":1,"minecraft:white_terracotta":1,"minecraft:terracotta":5,"minecraft:red_concrete":1,"minecraft:bricks":1,"minecraft:coal":2,"minecraft:cobblestone":20}},"DataVersion":2975}